CNPJ_CIA;DT_REFER;VERSAO;DENOM_CIA;CD_CVM;GRUPO_DFP;MOEDA;ESCALA_MOEDA;ORDEM_EXERC;DT_INI_EXERC;DT_FIM_EXERC;CD_CONTA;DS_CONTA;VL_CONTA;ST_CONTA_FIXA
06.981.381/0001-13;2020-03-31;1;CTC - CENTRO DE TECNOLOGIA CANAVIEIRA S.A.;023981;DF Individual - Demonstração do Resultado;REAL;MIL;PENÚLTIMO;2018-04-01;2019-03-31;3.01;Receita de Venda de Bens e/ou Serviços;186731.0000000000;S
06.981.381/0001-13;2020-03-31;1;CTC - CENTRO DE TECNOLOGIA CANAVIEIRA S.A.;023981;DF Individual - Demonstração do Resultado;REAL;MIL;ÚLTIMO;2019-04-01;2020-03-31;3.01;Receita de Venda de Bens e/ou Serviços;244801.0000000000;S
06.981.381/0001-13;2020-03-31;1;CTC - CENTRO DE TECNOLOGIA CANAVIEIRA S.A.;023981;DF Individual - Demonstração do Resultado;REAL;MIL;PENÚLTIMO;2018-04-01;2019-03-31;3.02;Custo dos Bens e/ou Serviços Vendidos;-104461.0000000000;S
06.981.381/0001-13;2020-03-31;1;CTC - CENTRO DE TECNOLOGIA CANAVIEIRA S.A.;023981;DF Individual - Demonstração do Resultado;REAL;MIL;ÚLTIMO;2019-04-01;2020-03-31;3.02;Custo dos Bens e/ou Serviços Vendidos;-99136.0000000000;S
06.981.381/0001-13;2020-03-31;1;CTC - CENTRO DE TECNOLOGIA CANAVIEIRA S.A.;023981;DF Individual - Demonstração do Resultado;REAL;MIL;PENÚLTIMO;2018-04-01;2019-03-31;3.03;Resultado Bruto;82270.0000000000;S
06.981.381/0001-13;2020-03-31;1;CTC - CENTRO DE TECNOLOGIA CANAVIEIRA S.A.;023981;DF Individual - Demonstração do Resultado;REAL;MIL;ÚLTIMO;2019-04-01;2020-03-31;3.03;Resultado Bruto;145665.0000000000;S
06.981.381/0001-13;2020-03-31;1;CTC - CENTRO DE TECNOLOGIA CANAVIEIRA S.A.;023981;DF Individual - Demonstração do Resultado;REAL;MIL;PENÚLTIMO;2018-04-01;2019-03-31;3.04;Despesas/Receitas Operacionais;-59290.0000000000;S
06.981.381/0001-13;2020-03-31;1;CTC - CENTRO DE TECNOLOGIA CANAVIEIRA S.A.;023981;DF Individual - Demonstração do Resultado;REAL;MIL;ÚLTIMO;2019-04-01;2020-03-31;3.04;Despesas/Receitas Operacionais;-126309.0000000000;S
06.981.381/0001-13;2020-03-31;1;CTC - CENTRO DE TECNOLOGIA CANAVIEIRA S.A.;023981;DF Individual - Demonstração do Resultado;REAL;MIL;PENÚLTIMO;2018-04-01;2019-03-31;3.04.01;Despesas com Vendas;0.0000000000;S
06.981.381/0001-13;2020-03-31;1;CTC - CENTRO DE TECNOLOGIA CANAVIEIRA S.A.;023981;DF Individual - Demonstração do Resultado;REAL;MIL;ÚLTIMO;2019-04-01;2020-03-31;3.04.01;Despesas com Vendas;0.0000000000;S
06.981.381/0001-13;2020-03-31;1;CTC - CENTRO DE TECNOLOGIA CANAVIEIRA S.A.;023981;DF Individual - Demonstração do Resultado;REAL;MIL;PENÚLTIMO;2018-04-01;2019-03-31;3.04.02;Despesas Gerais e Administrativas;-53396.0000000000;S
06.981.381/0001-13;2020-03-31;1;CTC - CENTRO DE TECNOLOGIA CANAVIEIRA S.A.;023981;DF Individual - Demonstração do Resultado;REAL;MIL;ÚLTIMO;2019-04-01;2020-03-31;3.04.02;Despesas Gerais e Administrativas;-70933.0000000000;S
06.981.381/0001-13;2020-03-31;1;CTC - CENTRO DE TECNOLOGIA CANAVIEIRA S.A.;023981;DF Individual - Demonstração do Resultado;REAL;MIL;PENÚLTIMO;2018-04-01;2019-03-31;3.04.03;Perdas pela Não Recuperabilidade de Ativos;0.0000000000;S
06.981.381/0001-13;2020-03-31;1;CTC - CENTRO DE TECNOLOGIA CANAVIEIRA S.A.;023981;DF Individual - Demonstração do Resultado;REAL;MIL;ÚLTIMO;2019-04-01;2020-03-31;3.04.03;Perdas pela Não Recuperabilidade de Ativos;0.0000000000;S
06.981.381/0001-13;2020-03-31;1;CTC - CENTRO DE TECNOLOGIA CANAVIEIRA S.A.;023981;DF Individual - Demonstração do Resultado;REAL;MIL;PENÚLTIMO;2018-04-01;2019-03-31;3.04.04;Outras Receitas Operacionais;0.0000000000;S
06.981.381/0001-13;2020-03-31;1;CTC - CENTRO DE TECNOLOGIA CANAVIEIRA S.A.;023981;DF Individual - Demonstração do Resultado;REAL;MIL;ÚLTIMO;2019-04-01;2020-03-31;3.04.04;Outras Receitas Operacionais;0.0000000000;S
06.981.381/0001-13;2020-03-31;1;CTC - CENTRO DE TECNOLOGIA CANAVIEIRA S.A.;023981;DF Individual - Demonstração do Resultado;REAL;MIL;PENÚLTIMO;2018-04-01;2019-03-31;3.04.05;Outras Despesas Operacionais;-530.0000000000;S
06.981.381/0001-13;2020-03-31;1;CTC - CENTRO DE TECNOLOGIA CANAVIEIRA S.A.;023981;DF Individual - Demonstração do Resultado;REAL;MIL;ÚLTIMO;2019-04-01;2020-03-31;3.04.05;Outras Despesas Operacionais;-49413.0000000000;S
06.981.381/0001-13;2020-03-31;1;CTC - CENTRO DE TECNOLOGIA CANAVIEIRA S.A.;023981;DF Individual - Demonstração do Resultado;REAL;MIL;PENÚLTIMO;2018-04-01;2019-03-31;3.04.06;Resultado de Equivalência Patrimonial;-5364.0000000000;S
06.981.381/0001-13;2020-03-31;1;CTC - CENTRO DE TECNOLOGIA CANAVIEIRA S.A.;023981;DF Individual - Demonstração do Resultado;REAL;MIL;ÚLTIMO;2019-04-01;2020-03-31;3.04.06;Resultado de Equivalência Patrimonial;-5963.0000000000;S
06.981.381/0001-13;2020-03-31;1;CTC - CENTRO DE TECNOLOGIA CANAVIEIRA S.A.;023981;DF Individual - Demonstração do Resultado;REAL;MIL;PENÚLTIMO;2018-04-01;2019-03-31;3.05;Resultado Antes do Resultado Financeiro e dos Tributos;22980.0000000000;S
06.981.381/0001-13;2020-03-31;1;CTC - CENTRO DE TECNOLOGIA CANAVIEIRA S.A.;023981;DF Individual - Demonstração do Resultado;REAL;MIL;ÚLTIMO;2019-04-01;2020-03-31;3.05;Resultado Antes do Resultado Financeiro e dos Tributos;19356.0000000000;S
06.981.381/0001-13;2020-03-31;1;CTC - CENTRO DE TECNOLOGIA CANAVIEIRA S.A.;023981;DF Individual - Demonstração do Resultado;REAL;MIL;PENÚLTIMO;2018-04-01;2019-03-31;3.06;Resultado Financeiro;8447.0000000000;S
06.981.381/0001-13;2020-03-31;1;CTC - CENTRO DE TECNOLOGIA CANAVIEIRA S.A.;023981;DF Individual - Demonstração do Resultado;REAL;MIL;ÚLTIMO;2019-04-01;2020-03-31;3.06;Resultado Financeiro;8366.0000000000;S
06.981.381/0001-13;2020-03-31;1;CTC - CENTRO DE TECNOLOGIA CANAVIEIRA S.A.;023981;DF Individual - Demonstração do Resultado;REAL;MIL;PENÚLTIMO;2018-04-01;2019-03-31;3.06.01;Receitas Financeiras;19761.0000000000;S
06.981.381/0001-13;2020-03-31;1;CTC - CENTRO DE TECNOLOGIA CANAVIEIRA S.A.;023981;DF Individual - Demonstração do Resultado;REAL;MIL;ÚLTIMO;2019-04-01;2020-03-31;3.06.01;Receitas Financeiras;16925.0000000000;S
06.981.381/0001-13;2020-03-31;1;CTC - CENTRO DE TECNOLOGIA CANAVIEIRA S.A.;023981;DF Individual - Demonstração do Resultado;REAL;MIL;PENÚLTIMO;2018-04-01;2019-03-31;3.06.02;Despesas Financeiras;-11314.0000000000;S
06.981.381/0001-13;2020-03-31;1;CTC - CENTRO DE TECNOLOGIA CANAVIEIRA S.A.;023981;DF Individual - Demonstração do Resultado;REAL;MIL;ÚLTIMO;2019-04-01;2020-03-31;3.06.02;Despesas Financeiras;-8559.0000000000;S
06.981.381/0001-13;2020-03-31;1;CTC - CENTRO DE TECNOLOGIA CANAVIEIRA S.A.;023981;DF Individual - Demonstração do Resultado;REAL;MIL;PENÚLTIMO;2018-04-01;2019-03-31;3.07;Resultado Antes dos Tributos sobre o Lucro;31427.0000000000;S
06.981.381/0001-13;2020-03-31;1;CTC - CENTRO DE TECNOLOGIA CANAVIEIRA S.A.;023981;DF Individual - Demonstração do Resultado;REAL;MIL;ÚLTIMO;2019-04-01;2020-03-31;3.07;Resultado Antes dos Tributos sobre o Lucro;27722.0000000000;S
06.981.381/0001-13;2020-03-31;1;CTC - CENTRO DE TECNOLOGIA CANAVIEIRA S.A.;023981;DF Individual - Demonstração do Resultado;REAL;MIL;PENÚLTIMO;2018-04-01;2019-03-31;3.08;Imposto de Renda e Contribuição Social sobre o Lucro;-7830.0000000000;S
06.981.381/0001-13;2020-03-31;1;CTC - CENTRO DE TECNOLOGIA CANAVIEIRA S.A.;023981;DF Individual - Demonstração do Resultado;REAL;MIL;ÚLTIMO;2019-04-01;2020-03-31;3.08;Imposto de Renda e Contribuição Social sobre o Lucro;-8331.0000000000;S
06.981.381/0001-13;2020-03-31;1;CTC - CENTRO DE TECNOLOGIA CANAVIEIRA S.A.;023981;DF Individual - Demonstração do Resultado;REAL;MIL;PENÚLTIMO;2018-04-01;2019-03-31;3.08.01;Corrente;-12667.0000000000;S
06.981.381/0001-13;2020-03-31;1;CTC - CENTRO DE TECNOLOGIA CANAVIEIRA S.A.;023981;DF Individual - Demonstração do Resultado;REAL;MIL;ÚLTIMO;2019-04-01;2020-03-31;3.08.01;Corrente;-20830.0000000000;S
06.981.381/0001-13;2020-03-31;1;CTC - CENTRO DE TECNOLOGIA CANAVIEIRA S.A.;023981;DF Individual - Demonstração do Resultado;REAL;MIL;PENÚLTIMO;2018-04-01;2019-03-31;3.08.02;Diferido;4837.0000000000;S
06.981.381/0001-13;2020-03-31;1;CTC - CENTRO DE TECNOLOGIA CANAVIEIRA S.A.;023981;DF Individual - Demonstração do Resultado;REAL;MIL;ÚLTIMO;2019-04-01;2020-03-31;3.08.02;Diferido;12499.0000000000;S
06.981.381/0001-13;2020-03-31;1;CTC - CENTRO DE TECNOLOGIA CANAVIEIRA S.A.;023981;DF Individual - Demonstração do Resultado;REAL;MIL;PENÚLTIMO;2018-04-01;2019-03-31;3.09;Resultado Líquido das Operações Continuadas;23597.0000000000;S
06.981.381/0001-13;2020-03-31;1;CTC - CENTRO DE TECNOLOGIA CANAVIEIRA S.A.;023981;DF Individual - Demonstração do Resultado;REAL;MIL;ÚLTIMO;2019-04-01;2020-03-31;3.09;Resultado Líquido das Operações Continuadas;19391.0000000000;S
06.981.381/0001-13;2020-03-31;1;CTC - CENTRO DE TECNOLOGIA CANAVIEIRA S.A.;023981;DF Individual - Demonstração do Resultado;REAL;MIL;PENÚLTIMO;2018-04-01;2019-03-31;3.10;Resultado Líquido de Operações Descontinuadas;0.0000000000;S
06.981.381/0001-13;2020-03-31;1;CTC - CENTRO DE TECNOLOGIA CANAVIEIRA S.A.;023981;DF Individual - Demonstração do Resultado;REAL;MIL;ÚLTIMO;2019-04-01;2020-03-31;3.10;Resultado Líquido de Operações Descontinuadas;0.0000000000;S
06.981.381/0001-13;2020-03-31;1;CTC - CENTRO DE TECNOLOGIA CANAVIEIRA S.A.;023981;DF Individual - Demonstração do Resultado;REAL;MIL;PENÚLTIMO;2018-04-01;2019-03-31;3.10.01;Lucro/Prejuízo Líquido das Operações Descontinuadas;0.0000000000;S
06.981.381/0001-13;2020-03-31;1;CTC - CENTRO DE TECNOLOGIA CANAVIEIRA S.A.;023981;DF Individual - Demonstração do Resultado;REAL;MIL;ÚLTIMO;2019-04-01;2020-03-31;3.10.01;Lucro/Prejuízo Líquido das Operações Descontinuadas;0.0000000000;S
06.981.381/0001-13;2020-03-31;1;CTC - CENTRO DE TECNOLOGIA CANAVIEIRA S.A.;023981;DF Individual - Demonstração do Resultado;REAL;MIL;PENÚLTIMO;2018-04-01;2019-03-31;3.10.02;Ganhos/Perdas Líquidas sobre Ativos de Operações Descontinuadas;0.0000000000;S
06.981.381/0001-13;2020-03-31;1;CTC - CENTRO DE TECNOLOGIA CANAVIEIRA S.A.;023981;DF Individual - Demonstração do Resultado;REAL;MIL;ÚLTIMO;2019-04-01;2020-03-31;3.10.02;Ganhos/Perdas Líquidas sobre Ativos de Operações Descontinuadas;0.0000000000;S
06.981.381/0001-13;2020-03-31;1;CTC - CENTRO DE TECNOLOGIA CANAVIEIRA S.A.;023981;DF Individual - Demonstração do Resultado;REAL;MIL;PENÚLTIMO;2018-04-01;2019-03-31;3.11;Lucro/Prejuízo do Período;23597.0000000000;S
06.981.381/0001-13;2020-03-31;1;CTC - CENTRO DE TECNOLOGIA CANAVIEIRA S.A.;023981;DF Individual - Demonstração do Resultado;REAL;MIL;ÚLTIMO;2019-04-01;2020-03-31;3.11;Lucro/Prejuízo do Período;19391.0000000000;S
06.981.381/0001-13;2020-03-31;1;CTC - CENTRO DE TECNOLOGIA CANAVIEIRA S.A.;023981;DF Individual - Demonstração do Resultado;REAL;MIL;PENÚLTIMO;2018-04-01;2019-03-31;3.99;Lucro por Ação - (Reais / Ação);0.0000000000;N
06.981.381/0001-13;2020-03-31;1;CTC - CENTRO DE TECNOLOGIA CANAVIEIRA S.A.;023981;DF Individual - Demonstração do Resultado;REAL;MIL;ÚLTIMO;2019-04-01;2020-03-31;3.99;Lucro por Ação - (Reais / Ação);0.0000000000;N
06.981.381/0001-13;2020-03-31;1;CTC - CENTRO DE TECNOLOGIA CANAVIEIRA S.A.;023981;DF Individual - Demonstração do Resultado;REAL;MIL;PENÚLTIMO;2018-04-01;2019-03-31;3.99.01;Lucro Básico por Ação;0.0000000000;N
06.981.381/0001-13;2020-03-31;1;CTC - CENTRO DE TECNOLOGIA CANAVIEIRA S.A.;023981;DF Individual - Demonstração do Resultado;REAL;MIL;ÚLTIMO;2019-04-01;2020-03-31;3.99.01;Lucro Básico por Ação;0.0000000000;N
06.981.381/0001-13;2020-03-31;1;CTC - CENTRO DE TECNOLOGIA CANAVIEIRA S.A.;023981;DF Individual - Demonstração do Resultado;REAL;MIL;PENÚLTIMO;2018-04-01;2019-03-31;3.99.01.01;ON;29.4300000000;N
06.981.381/0001-13;2020-03-31;1;CTC - CENTRO DE TECNOLOGIA CANAVIEIRA S.A.;023981;DF Individual - Demonstração do Resultado;REAL;MIL;ÚLTIMO;2019-04-01;2020-03-31;3.99.01.01;ON;24.1800000000;N
06.981.381/0001-13;2020-03-31;1;CTC - CENTRO DE TECNOLOGIA CANAVIEIRA S.A.;023981;DF Individual - Demonstração do Resultado;REAL;MIL;PENÚLTIMO;2018-04-01;2019-03-31;3.99.02;Lucro Diluído por Ação;0.0000000000;N
06.981.381/0001-13;2020-03-31;1;CTC - CENTRO DE TECNOLOGIA CANAVIEIRA S.A.;023981;DF Individual - Demonstração do Resultado;REAL;MIL;ÚLTIMO;2019-04-01;2020-03-31;3.99.02;Lucro Diluído por Ação;0.0000000000;N
07.628.528/0001-59;2020-06-30;1;BRASILAGRO - CIA BRAS DE PROP AGRICOLAS;020036;DF Individual - Demonstração do Resultado;REAL;MIL;PENÚLTIMO;2018-07-01;2019-06-30;3.01;Receita de Venda de Bens e/ou Serviços;206563.0000000000;S
07.628.528/0001-59;2020-06-30;1;BRASILAGRO - CIA BRAS DE PROP AGRICOLAS;020036;DF Individual - Demonstração do Resultado;REAL;MIL;ÚLTIMO;2019-07-01;2020-06-30;3.01;Receita de Venda de Bens e/ou Serviços;386842.0000000000;S
07.628.528/0001-59;2020-06-30;1;BRASILAGRO - CIA BRAS DE PROP AGRICOLAS;020036;DF Individual - Demonstração do Resultado;REAL;MIL;PENÚLTIMO;2018-07-01;2019-06-30;3.01.01;Receita Líquida;187081.0000000000;N
07.628.528/0001-59;2020-06-30;1;BRASILAGRO - CIA BRAS DE PROP AGRICOLAS;020036;DF Individual - Demonstração do Resultado;REAL;MIL;ÚLTIMO;2019-07-01;2020-06-30;3.01.01;Receita Líquida;291571.0000000000;N
07.628.528/0001-59;2020-06-30;1;BRASILAGRO - CIA BRAS DE PROP AGRICOLAS;020036;DF Individual - Demonstração do Resultado;REAL;MIL;PENÚLTIMO;2018-07-01;2019-06-30;3.01.02;Movimentação de valor justo de ativos biológicos e produtos agrícolas;21043.0000000000;N
07.628.528/0001-59;2020-06-30;1;BRASILAGRO - CIA BRAS DE PROP AGRICOLAS;020036;DF Individual - Demonstração do Resultado;REAL;MIL;ÚLTIMO;2019-07-01;2020-06-30;3.01.02;Movimentação de valor justo de ativos biológicos e produtos agrícolas;97673.0000000000;N
07.628.528/0001-59;2020-06-30;1;BRASILAGRO - CIA BRAS DE PROP AGRICOLAS;020036;DF Individual - Demonstração do Resultado;REAL;MIL;PENÚLTIMO;2018-07-01;2019-06-30;3.01.03;Constituição (reversão) de provisão do valor recuperável de produtos agrícolas, líquida;-1561.0000000000;N
07.628.528/0001-59;2020-06-30;1;BRASILAGRO - CIA BRAS DE PROP AGRICOLAS;020036;DF Individual - Demonstração do Resultado;REAL;MIL;ÚLTIMO;2019-07-01;2020-06-30;3.01.03;Constituição (reversão) de provisão do valor recuperável de produtos agrícolas, líquida;-2402.0000000000;N
07.628.528/0001-59;2020-06-30;1;BRASILAGRO - CIA BRAS DE PROP AGRICOLAS;020036;DF Individual - Demonstração do Resultado;REAL;MIL;PENÚLTIMO;2018-07-01;2019-06-30;3.02;Custo dos Bens e/ou Serviços Vendidos;-170537.0000000000;S
07.628.528/0001-59;2020-06-30;1;BRASILAGRO - CIA BRAS DE PROP AGRICOLAS;020036;DF Individual - Demonstração do Resultado;REAL;MIL;ÚLTIMO;2019-07-01;2020-06-30;3.02;Custo dos Bens e/ou Serviços Vendidos;-284205.0000000000;S
07.628.528/0001-59;2020-06-30;1;BRASILAGRO - CIA BRAS DE PROP AGRICOLAS;020036;DF Individual - Demonstração do Resultado;REAL;MIL;PENÚLTIMO;2018-07-01;2019-06-30;3.03;Resultado Bruto;36026.0000000000;S
07.628.528/0001-59;2020-06-30;1;BRASILAGRO - CIA BRAS DE PROP AGRICOLAS;020036;DF Individual - Demonstração do Resultado;REAL;MIL;ÚLTIMO;2019-07-01;2020-06-30;3.03;Resultado Bruto;102637.0000000000;S
07.628.528/0001-59;2020-06-30;1;BRASILAGRO - CIA BRAS DE PROP AGRICOLAS;020036;DF Individual - Demonstração do Resultado;REAL;MIL;PENÚLTIMO;2018-07-01;2019-06-30;3.04;Despesas/Receitas Operacionais;142987.0000000000;S
07.628.528/0001-59;2020-06-30;1;BRASILAGRO - CIA BRAS DE PROP AGRICOLAS;020036;DF Individual - Demonstração do Resultado;REAL;MIL;ÚLTIMO;2019-07-01;2020-06-30;3.04;Despesas/Receitas Operacionais;84694.0000000000;S
07.628.528/0001-59;2020-06-30;1;BRASILAGRO - CIA BRAS DE PROP AGRICOLAS;020036;DF Individual - Demonstração do Resultado;REAL;MIL;PENÚLTIMO;2018-07-01;2019-06-30;3.04.01;Despesas com Vendas;-6472.0000000000;S
07.628.528/0001-59;2020-06-30;1;BRASILAGRO - CIA BRAS DE PROP AGRICOLAS;020036;DF Individual - Demonstração do Resultado;REAL;MIL;ÚLTIMO;2019-07-01;2020-06-30;3.04.01;Despesas com Vendas;-14374.0000000000;S
07.628.528/0001-59;2020-06-30;1;BRASILAGRO - CIA BRAS DE PROP AGRICOLAS;020036;DF Individual - Demonstração do Resultado;REAL;MIL;PENÚLTIMO;2018-07-01;2019-06-30;3.04.02;Despesas Gerais e Administrativas;-33811.0000000000;S
07.628.528/0001-59;2020-06-30;1;BRASILAGRO - CIA BRAS DE PROP AGRICOLAS;020036;DF Individual - Demonstração do Resultado;REAL;MIL;ÚLTIMO;2019-07-01;2020-06-30;3.04.02;Despesas Gerais e Administrativas;-36122.0000000000;S
07.628.528/0001-59;2020-06-30;1;BRASILAGRO - CIA BRAS DE PROP AGRICOLAS;020036;DF Individual - Demonstração do Resultado;REAL;MIL;PENÚLTIMO;2018-07-01;2019-06-30;3.04.03;Perdas pela Não Recuperabilidade de Ativos;0.0000000000;S
07.628.528/0001-59;2020-06-30;1;BRASILAGRO - CIA BRAS DE PROP AGRICOLAS;020036;DF Individual - Demonstração do Resultado;REAL;MIL;ÚLTIMO;2019-07-01;2020-06-30;3.04.03;Perdas pela Não Recuperabilidade de Ativos;0.0000000000;S
07.628.528/0001-59;2020-06-30;1;BRASILAGRO - CIA BRAS DE PROP AGRICOLAS;020036;DF Individual - Demonstração do Resultado;REAL;MIL;PENÚLTIMO;2018-07-01;2019-06-30;3.04.04;Outras Receitas Operacionais;0.0000000000;S
07.628.528/0001-59;2020-06-30;1;BRASILAGRO - CIA BRAS DE PROP AGRICOLAS;020036;DF Individual - Demonstração do Resultado;REAL;MIL;ÚLTIMO;2019-07-01;2020-06-30;3.04.04;Outras Receitas Operacionais;0.0000000000;S
07.628.528/0001-59;2020-06-30;1;BRASILAGRO - CIA BRAS DE PROP AGRICOLAS;020036;DF Individual - Demonstração do Resultado;REAL;MIL;PENÚLTIMO;2018-07-01;2019-06-30;3.04.05;Outras Despesas Operacionais;-165.0000000000;S
07.628.528/0001-59;2020-06-30;1;BRASILAGRO - CIA BRAS DE PROP AGRICOLAS;020036;DF Individual - Demonstração do Resultado;REAL;MIL;ÚLTIMO;2019-07-01;2020-06-30;3.04.05;Outras Despesas Operacionais;-4223.0000000000;S
07.628.528/0001-59;2020-06-30;1;BRASILAGRO - CIA BRAS DE PROP AGRICOLAS;020036;DF Individual - Demonstração do Resultado;REAL;MIL;PENÚLTIMO;2018-07-01;2019-06-30;3.04.06;Resultado de Equivalência Patrimonial;183435.0000000000;S
07.628.528/0001-59;2020-06-30;1;BRASILAGRO - CIA BRAS DE PROP AGRICOLAS;020036;DF Individual - Demonstração do Resultado;REAL;MIL;ÚLTIMO;2019-07-01;2020-06-30;3.04.06;Resultado de Equivalência Patrimonial;139413.0000000000;S
07.628.528/0001-59;2020-06-30;1;BRASILAGRO - CIA BRAS DE PROP AGRICOLAS;020036;DF Individual - Demonstração do Resultado;REAL;MIL;PENÚLTIMO;2018-07-01;2019-06-30;3.05;Resultado Antes do Resultado Financeiro e dos Tributos;179013.0000000000;S
07.628.528/0001-59;2020-06-30;1;BRASILAGRO - CIA BRAS DE PROP AGRICOLAS;020036;DF Individual - Demonstração do Resultado;REAL;MIL;ÚLTIMO;2019-07-01;2020-06-30;3.05;Resultado Antes do Resultado Financeiro e dos Tributos;187331.0000000000;S
07.628.528/0001-59;2020-06-30;1;BRASILAGRO - CIA BRAS DE PROP AGRICOLAS;020036;DF Individual - Demonstração do Resultado;REAL;MIL;PENÚLTIMO;2018-07-01;2019-06-30;3.06;Resultado Financeiro;3961.0000000000;S
07.628.528/0001-59;2020-06-30;1;BRASILAGRO - CIA BRAS DE PROP AGRICOLAS;020036;DF Individual - Demonstração do Resultado;REAL;MIL;ÚLTIMO;2019-07-01;2020-06-30;3.06;Resultado Financeiro;-72033.0000000000;S
07.628.528/0001-59;2020-06-30;1;BRASILAGRO - CIA BRAS DE PROP AGRICOLAS;020036;DF Individual - Demonstração do Resultado;REAL;MIL;PENÚLTIMO;2018-07-01;2019-06-30;3.06.01;Receitas Financeiras;132955.0000000000;S
07.628.528/0001-59;2020-06-30;1;BRASILAGRO - CIA BRAS DE PROP AGRICOLAS;020036;DF Individual - Demonstração do Resultado;REAL;MIL;ÚLTIMO;2019-07-01;2020-06-30;3.06.01;Receitas Financeiras;222837.0000000000;S
07.628.528/0001-59;2020-06-30;1;BRASILAGRO - CIA BRAS DE PROP AGRICOLAS;020036;DF Individual - Demonstração do Resultado;REAL;MIL;PENÚLTIMO;2018-07-01;2019-06-30;3.06.02;Despesas Financeiras;-128994.0000000000;S
07.628.528/0001-59;2020-06-30;1;BRASILAGRO - CIA BRAS DE PROP AGRICOLAS;020036;DF Individual - Demonstração do Resultado;REAL;MIL;ÚLTIMO;2019-07-01;2020-06-30;3.06.02;Despesas Financeiras;-294870.0000000000;S
07.628.528/0001-59;2020-06-30;1;BRASILAGRO - CIA BRAS DE PROP AGRICOLAS;020036;DF Individual - Demonstração do Resultado;REAL;MIL;PENÚLTIMO;2018-07-01;2019-06-30;3.07;Resultado Antes dos Tributos sobre o Lucro;182974.0000000000;S
07.628.528/0001-59;2020-06-30;1;BRASILAGRO - CIA BRAS DE PROP AGRICOLAS;020036;DF Individual - Demonstração do Resultado;REAL;MIL;ÚLTIMO;2019-07-01;2020-06-30;3.07;Resultado Antes dos Tributos sobre o Lucro;115298.0000000000;S
07.628.528/0001-59;2020-06-30;1;BRASILAGRO - CIA BRAS DE PROP AGRICOLAS;020036;DF Individual - Demonstração do Resultado;REAL;MIL;PENÚLTIMO;2018-07-01;2019-06-30;3.08;Imposto de Renda e Contribuição Social sobre o Lucro;-5895.0000000000;S
07.628.528/0001-59;2020-06-30;1;BRASILAGRO - CIA BRAS DE PROP AGRICOLAS;020036;DF Individual - Demonstração do Resultado;REAL;MIL;ÚLTIMO;2019-07-01;2020-06-30;3.08;Imposto de Renda e Contribuição Social sobre o Lucro;4256.0000000000;S
07.628.528/0001-59;2020-06-30;1;BRASILAGRO - CIA BRAS DE PROP AGRICOLAS;020036;DF Individual - Demonstração do Resultado;REAL;MIL;PENÚLTIMO;2018-07-01;2019-06-30;3.08.01;Corrente;-5895.0000000000;S
07.628.528/0001-59;2020-06-30;1;BRASILAGRO - CIA BRAS DE PROP AGRICOLAS;020036;DF Individual - Demonstração do Resultado;REAL;MIL;ÚLTIMO;2019-07-01;2020-06-30;3.08.01;Corrente;4256.0000000000;S
07.628.528/0001-59;2020-06-30;1;BRASILAGRO - CIA BRAS DE PROP AGRICOLAS;020036;DF Individual - Demonstração do Resultado;REAL;MIL;PENÚLTIMO;2018-07-01;2019-06-30;3.08.02;Diferido;0.0000000000;S
07.628.528/0001-59;2020-06-30;1;BRASILAGRO - CIA BRAS DE PROP AGRICOLAS;020036;DF Individual - Demonstração do Resultado;REAL;MIL;ÚLTIMO;2019-07-01;2020-06-30;3.08.02;Diferido;0.0000000000;S
07.628.528/0001-59;2020-06-30;1;BRASILAGRO - CIA BRAS DE PROP AGRICOLAS;020036;DF Individual - Demonstração do Resultado;REAL;MIL;PENÚLTIMO;2018-07-01;2019-06-30;3.09;Resultado Líquido das Operações Continuadas;177079.0000000000;S
07.628.528/0001-59;2020-06-30;1;BRASILAGRO - CIA BRAS DE PROP AGRICOLAS;020036;DF Individual - Demonstração do Resultado;REAL;MIL;ÚLTIMO;2019-07-01;2020-06-30;3.09;Resultado Líquido das Operações Continuadas;119554.0000000000;S
07.628.528/0001-59;2020-06-30;1;BRASILAGRO - CIA BRAS DE PROP AGRICOLAS;020036;DF Individual - Demonstração do Resultado;REAL;MIL;PENÚLTIMO;2018-07-01;2019-06-30;3.10;Resultado Líquido de Operações Descontinuadas;0.0000000000;S
07.628.528/0001-59;2020-06-30;1;BRASILAGRO - CIA BRAS DE PROP AGRICOLAS;020036;DF Individual - Demonstração do Resultado;REAL;MIL;ÚLTIMO;2019-07-01;2020-06-30;3.10;Resultado Líquido de Operações Descontinuadas;0.0000000000;S
07.628.528/0001-59;2020-06-30;1;BRASILAGRO - CIA BRAS DE PROP AGRICOLAS;020036;DF Individual - Demonstração do Resultado;REAL;MIL;PENÚLTIMO;2018-07-01;2019-06-30;3.10.01;Lucro/Prejuízo Líquido das Operações Descontinuadas;0.0000000000;S
07.628.528/0001-59;2020-06-30;1;BRASILAGRO - CIA BRAS DE PROP AGRICOLAS;020036;DF Individual - Demonstração do Resultado;REAL;MIL;ÚLTIMO;2019-07-01;2020-06-30;3.10.01;Lucro/Prejuízo Líquido das Operações Descontinuadas;0.0000000000;S
07.628.528/0001-59;2020-06-30;1;BRASILAGRO - CIA BRAS DE PROP AGRICOLAS;020036;DF Individual - Demonstração do Resultado;REAL;MIL;PENÚLTIMO;2018-07-01;2019-06-30;3.10.02;Ganhos/Perdas Líquidas sobre Ativos de Operações Descontinuadas;0.0000000000;S
07.628.528/0001-59;2020-06-30;1;BRASILAGRO - CIA BRAS DE PROP AGRICOLAS;020036;DF Individual - Demonstração do Resultado;REAL;MIL;ÚLTIMO;2019-07-01;2020-06-30;3.10.02;Ganhos/Perdas Líquidas sobre Ativos de Operações Descontinuadas;0.0000000000;S
07.628.528/0001-59;2020-06-30;1;BRASILAGRO - CIA BRAS DE PROP AGRICOLAS;020036;DF Individual - Demonstração do Resultado;REAL;MIL;PENÚLTIMO;2018-07-01;2019-06-30;3.11;Lucro/Prejuízo do Período;177079.0000000000;S
07.628.528/0001-59;2020-06-30;1;BRASILAGRO - CIA BRAS DE PROP AGRICOLAS;020036;DF Individual - Demonstração do Resultado;REAL;MIL;ÚLTIMO;2019-07-01;2020-06-30;3.11;Lucro/Prejuízo do Período;119554.0000000000;S
07.628.528/0001-59;2020-06-30;1;BRASILAGRO - CIA BRAS DE PROP AGRICOLAS;020036;DF Individual - Demonstração do Resultado;REAL;MIL;PENÚLTIMO;2018-07-01;2019-06-30;3.99;Lucro por Ação - (Reais / Ação);0.0000000000;N
07.628.528/0001-59;2020-06-30;1;BRASILAGRO - CIA BRAS DE PROP AGRICOLAS;020036;DF Individual - Demonstração do Resultado;REAL;MIL;ÚLTIMO;2019-07-01;2020-06-30;3.99;Lucro por Ação - (Reais / Ação);0.0000000000;N
07.628.528/0001-59;2020-06-30;1;BRASILAGRO - CIA BRAS DE PROP AGRICOLAS;020036;DF Individual - Demonstração do Resultado;REAL;MIL;PENÚLTIMO;2018-07-01;2019-06-30;3.99.01;Lucro Básico por Ação;0.0000000000;N
07.628.528/0001-59;2020-06-30;1;BRASILAGRO - CIA BRAS DE PROP AGRICOLAS;020036;DF Individual - Demonstração do Resultado;REAL;MIL;ÚLTIMO;2019-07-01;2020-06-30;3.99.01;Lucro Básico por Ação;0.0000000000;N
07.628.528/0001-59;2020-06-30;1;BRASILAGRO - CIA BRAS DE PROP AGRICOLAS;020036;DF Individual - Demonstração do Resultado;REAL;MIL;PENÚLTIMO;2018-07-01;2019-06-30;3.99.01.01;ON;3.2913000000;N
07.628.528/0001-59;2020-06-30;1;BRASILAGRO - CIA BRAS DE PROP AGRICOLAS;020036;DF Individual - Demonstração do Resultado;REAL;MIL;ÚLTIMO;2019-07-01;2020-06-30;3.99.01.01;ON;2.1092000000;N
07.628.528/0001-59;2020-06-30;1;BRASILAGRO - CIA BRAS DE PROP AGRICOLAS;020036;DF Individual - Demonstração do Resultado;REAL;MIL;PENÚLTIMO;2018-07-01;2019-06-30;3.99.02;Lucro Diluído por Ação;0.0000000000;N
07.628.528/0001-59;2020-06-30;1;BRASILAGRO - CIA BRAS DE PROP AGRICOLAS;020036;DF Individual - Demonstração do Resultado;REAL;MIL;ÚLTIMO;2019-07-01;2020-06-30;3.99.02;Lucro Diluído por Ação;0.0000000000;N
07.628.528/0001-59;2020-06-30;1;BRASILAGRO - CIA BRAS DE PROP AGRICOLAS;020036;DF Individual - Demonstração do Resultado;REAL;MIL;PENÚLTIMO;2018-07-01;2019-06-30;3.99.02.01;ON;3.2727000000;N
07.628.528/0001-59;2020-06-30;1;BRASILAGRO - CIA BRAS DE PROP AGRICOLAS;020036;DF Individual - Demonstração do Resultado;REAL;MIL;ÚLTIMO;2019-07-01;2020-06-30;3.99.02.01;ON;2.0937000000;N
08.070.508/0001-78;2020-03-31;1;RAIZEN ENERGIA S.A.;023230;DF Individual - Demonstração do Resultado;REAL;MIL;PENÚLTIMO;2018-04-01;2019-03-31;3.01;Receita de Venda de Bens e/ou Serviços;6946851.0000000000;S
08.070.508/0001-78;2020-03-31;1;RAIZEN ENERGIA S.A.;023230;DF Individual - Demonstração do Resultado;REAL;MIL;ÚLTIMO;2019-04-01;2020-03-31;3.01;Receita de Venda de Bens e/ou Serviços;7683036.0000000000;S
08.070.508/0001-78;2020-03-31;1;RAIZEN ENERGIA S.A.;023230;DF Individual - Demonstração do Resultado;REAL;MIL;PENÚLTIMO;2018-04-01;2019-03-31;3.02;Custo dos Bens e/ou Serviços Vendidos;-6250751.0000000000;S
08.070.508/0001-78;2020-03-31;1;RAIZEN ENERGIA S.A.;023230;DF Individual - Demonstração do Resultado;REAL;MIL;ÚLTIMO;2019-04-01;2020-03-31;3.02;Custo dos Bens e/ou Serviços Vendidos;-6732079.0000000000;S
08.070.508/0001-78;2020-03-31;1;RAIZEN ENERGIA S.A.;023230;DF Individual - Demonstração do Resultado;REAL;MIL;PENÚLTIMO;2018-04-01;2019-03-31;3.03;Resultado Bruto;696100.0000000000;S
08.070.508/0001-78;2020-03-31;1;RAIZEN ENERGIA S.A.;023230;DF Individual - Demonstração do Resultado;REAL;MIL;ÚLTIMO;2019-04-01;2020-03-31;3.03;Resultado Bruto;950957.0000000000;S
08.070.508/0001-78;2020-03-31;1;RAIZEN ENERGIA S.A.;023230;DF Individual - Demonstração do Resultado;REAL;MIL;PENÚLTIMO;2018-04-01;2019-03-31;3.04;Despesas/Receitas Operacionais;29272.0000000000;S
08.070.508/0001-78;2020-03-31;1;RAIZEN ENERGIA S.A.;023230;DF Individual - Demonstração do Resultado;REAL;MIL;ÚLTIMO;2019-04-01;2020-03-31;3.04;Despesas/Receitas Operacionais;-84186.0000000000;S
08.070.508/0001-78;2020-03-31;1;RAIZEN ENERGIA S.A.;023230;DF Individual - Demonstração do Resultado;REAL;MIL;PENÚLTIMO;2018-04-01;2019-03-31;3.04.01;Despesas com Vendas;-663906.0000000000;S
08.070.508/0001-78;2020-03-31;1;RAIZEN ENERGIA S.A.;023230;DF Individual - Demonstração do Resultado;REAL;MIL;ÚLTIMO;2019-04-01;2020-03-31;3.04.01;Despesas com Vendas;-697331.0000000000;S
08.070.508/0001-78;2020-03-31;1;RAIZEN ENERGIA S.A.;023230;DF Individual - Demonstração do Resultado;REAL;MIL;PENÚLTIMO;2018-04-01;2019-03-31;3.04.02;Despesas Gerais e Administrativas;-446938.0000000000;S
08.070.508/0001-78;2020-03-31;1;RAIZEN ENERGIA S.A.;023230;DF Individual - Demonstração do Resultado;REAL;MIL;ÚLTIMO;2019-04-01;2020-03-31;3.04.02;Despesas Gerais e Administrativas;-462960.0000000000;S
08.070.508/0001-78;2020-03-31;1;RAIZEN ENERGIA S.A.;023230;DF Individual - Demonstração do Resultado;REAL;MIL;PENÚLTIMO;2018-04-01;2019-03-31;3.04.03;Perdas pela Não Recuperabilidade de Ativos;0.0000000000;S
08.070.508/0001-78;2020-03-31;1;RAIZEN ENERGIA S.A.;023230;DF Individual - Demonstração do Resultado;REAL;MIL;ÚLTIMO;2019-04-01;2020-03-31;3.04.03;Perdas pela Não Recuperabilidade de Ativos;0.0000000000;S
08.070.508/0001-78;2020-03-31;1;RAIZEN ENERGIA S.A.;023230;DF Individual - Demonstração do Resultado;REAL;MIL;PENÚLTIMO;2018-04-01;2019-03-31;3.04.04;Outras Receitas Operacionais;217165.0000000000;S
08.070.508/0001-78;2020-03-31;1;RAIZEN ENERGIA S.A.;023230;DF Individual - Demonstração do Resultado;REAL;MIL;ÚLTIMO;2019-04-01;2020-03-31;3.04.04;Outras Receitas Operacionais;196827.0000000000;S
08.070.508/0001-78;2020-03-31;1;RAIZEN ENERGIA S.A.;023230;DF Individual - Demonstração do Resultado;REAL;MIL;PENÚLTIMO;2018-04-01;2019-03-31;3.04.05;Outras Despesas Operacionais;0.0000000000;S
08.070.508/0001-78;2020-03-31;1;RAIZEN ENERGIA S.A.;023230;DF Individual - Demonstração do Resultado;REAL;MIL;ÚLTIMO;2019-04-01;2020-03-31;3.04.05;Outras Despesas Operacionais;0.0000000000;S
08.070.508/0001-78;2020-03-31;1;RAIZEN ENERGIA S.A.;023230;DF Individual - Demonstração do Resultado;REAL;MIL;PENÚLTIMO;2018-04-01;2019-03-31;3.04.06;Resultado de Equivalência Patrimonial;922951.0000000000;S
08.070.508/0001-78;2020-03-31;1;RAIZEN ENERGIA S.A.;023230;DF Individual - Demonstração do Resultado;REAL;MIL;ÚLTIMO;2019-04-01;2020-03-31;3.04.06;Resultado de Equivalência Patrimonial;879278.0000000000;S
08.070.508/0001-78;2020-03-31;1;RAIZEN ENERGIA S.A.;023230;DF Individual - Demonstração do Resultado;REAL;MIL;PENÚLTIMO;2018-04-01;2019-03-31;3.05;Resultado Antes do Resultado Financeiro e dos Tributos;725372.0000000000;S
08.070.508/0001-78;2020-03-31;1;RAIZEN ENERGIA S.A.;023230;DF Individual - Demonstração do Resultado;REAL;MIL;ÚLTIMO;2019-04-01;2020-03-31;3.05;Resultado Antes do Resultado Financeiro e dos Tributos;866771.0000000000;S
08.070.508/0001-78;2020-03-31;1;RAIZEN ENERGIA S.A.;023230;DF Individual - Demonstração do Resultado;REAL;MIL;PENÚLTIMO;2018-04-01;2019-03-31;3.06;Resultado Financeiro;-435058.0000000000;S
08.070.508/0001-78;2020-03-31;1;RAIZEN ENERGIA S.A.;023230;DF Individual - Demonstração do Resultado;REAL;MIL;ÚLTIMO;2019-04-01;2020-03-31;3.06;Resultado Financeiro;-985010.0000000000;S
08.070.508/0001-78;2020-03-31;1;RAIZEN ENERGIA S.A.;023230;DF Individual - Demonstração do Resultado;REAL;MIL;PENÚLTIMO;2018-04-01;2019-03-31;3.06.01;Receitas Financeiras;364051.0000000000;S
08.070.508/0001-78;2020-03-31;1;RAIZEN ENERGIA S.A.;023230;DF Individual - Demonstração do Resultado;REAL;MIL;ÚLTIMO;2019-04-01;2020-03-31;3.06.01;Receitas Financeiras;744433.0000000000;S
08.070.508/0001-78;2020-03-31;1;RAIZEN ENERGIA S.A.;023230;DF Individual - Demonstração do Resultado;REAL;MIL;PENÚLTIMO;2018-04-01;2019-03-31;3.06.01.01;Receitas financeiras;278784.0000000000;N
08.070.508/0001-78;2020-03-31;1;RAIZEN ENERGIA S.A.;023230;DF Individual - Demonstração do Resultado;REAL;MIL;ÚLTIMO;2019-04-01;2020-03-31;3.06.01.01;Receitas financeiras;210337.0000000000;N
08.070.508/0001-78;2020-03-31;1;RAIZEN ENERGIA S.A.;023230;DF Individual - Demonstração do Resultado;REAL;MIL;PENÚLTIMO;2018-04-01;2019-03-31;3.06.01.02;Efeito líquido dos derivativos;85267.0000000000;N
08.070.508/0001-78;2020-03-31;1;RAIZEN ENERGIA S.A.;023230;DF Individual - Demonstração do Resultado;REAL;MIL;ÚLTIMO;2019-04-01;2020-03-31;3.06.01.02;Efeito líquido dos derivativos;534096.0000000000;N
08.070.508/0001-78;2020-03-31;1;RAIZEN ENERGIA S.A.;023230;DF Individual - Demonstração do Resultado;REAL;MIL;PENÚLTIMO;2018-04-01;2019-03-31;3.06.02;Despesas Financeiras;-799109.0000000000;S
08.070.508/0001-78;2020-03-31;1;RAIZEN ENERGIA S.A.;023230;DF Individual - Demonstração do Resultado;REAL;MIL;ÚLTIMO;2019-04-01;2020-03-31;3.06.02;Despesas Financeiras;-1729443.0000000000;S
08.070.508/0001-78;2020-03-31;1;RAIZEN ENERGIA S.A.;023230;DF Individual - Demonstração do Resultado;REAL;MIL;PENÚLTIMO;2018-04-01;2019-03-31;3.06.02.01;Despesas financeiras;-760686.0000000000;N
08.070.508/0001-78;2020-03-31;1;RAIZEN ENERGIA S.A.;023230;DF Individual - Demonstração do Resultado;REAL;MIL;ÚLTIMO;2019-04-01;2020-03-31;3.06.02.01;Despesas financeiras;-1153269.0000000000;N
08.070.508/0001-78;2020-03-31;1;RAIZEN ENERGIA S.A.;023230;DF Individual - Demonstração do Resultado;REAL;MIL;PENÚLTIMO;2018-04-01;2019-03-31;3.06.02.02;Variações cambiais, líquidas;-38423.0000000000;N
08.070.508/0001-78;2020-03-31;1;RAIZEN ENERGIA S.A.;023230;DF Individual - Demonstração do Resultado;REAL;MIL;ÚLTIMO;2019-04-01;2020-03-31;3.06.02.02;Variações cambiais, líquidas;-576174.0000000000;N
08.070.508/0001-78;2020-03-31;1;RAIZEN ENERGIA S.A.;023230;DF Individual - Demonstração do Resultado;REAL;MIL;PENÚLTIMO;2018-04-01;2019-03-31;3.07;Resultado Antes dos Tributos sobre o Lucro;290314.0000000000;S
08.070.508/0001-78;2020-03-31;1;RAIZEN ENERGIA S.A.;023230;DF Individual - Demonstração do Resultado;REAL;MIL;ÚLTIMO;2019-04-01;2020-03-31;3.07;Resultado Antes dos Tributos sobre o Lucro;-118239.0000000000;S
08.070.508/0001-78;2020-03-31;1;RAIZEN ENERGIA S.A.;023230;DF Individual - Demonstração do Resultado;REAL;MIL;PENÚLTIMO;2018-04-01;2019-03-31;3.08;Imposto de Renda e Contribuição Social sobre o Lucro;177787.0000000000;S
08.070.508/0001-78;2020-03-31;1;RAIZEN ENERGIA S.A.;023230;DF Individual - Demonstração do Resultado;REAL;MIL;ÚLTIMO;2019-04-01;2020-03-31;3.08;Imposto de Renda e Contribuição Social sobre o Lucro;294067.0000000000;S
08.070.508/0001-78;2020-03-31;1;RAIZEN ENERGIA S.A.;023230;DF Individual - Demonstração do Resultado;REAL;MIL;PENÚLTIMO;2018-04-01;2019-03-31;3.08.01;Corrente;-13.0000000000;S
08.070.508/0001-78;2020-03-31;1;RAIZEN ENERGIA S.A.;023230;DF Individual - Demonstração do Resultado;REAL;MIL;ÚLTIMO;2019-04-01;2020-03-31;3.08.01;Corrente;-21550.0000000000;S
08.070.508/0001-78;2020-03-31;1;RAIZEN ENERGIA S.A.;023230;DF Individual - Demonstração do Resultado;REAL;MIL;PENÚLTIMO;2018-04-01;2019-03-31;3.08.02;Diferido;177800.0000000000;S
08.070.508/0001-78;2020-03-31;1;RAIZEN ENERGIA S.A.;023230;DF Individual - Demonstração do Resultado;REAL;MIL;ÚLTIMO;2019-04-01;2020-03-31;3.08.02;Diferido;315617.0000000000;S
08.070.508/0001-78;2020-03-31;1;RAIZEN ENERGIA S.A.;023230;DF Individual - Demonstração do Resultado;REAL;MIL;PENÚLTIMO;2018-04-01;2019-03-31;3.09;Resultado Líquido das Operações Continuadas;468101.0000000000;S
08.070.508/0001-78;2020-03-31;1;RAIZEN ENERGIA S.A.;023230;DF Individual - Demonstração do Resultado;REAL;MIL;ÚLTIMO;2019-04-01;2020-03-31;3.09;Resultado Líquido das Operações Continuadas;175828.0000000000;S
08.070.508/0001-78;2020-03-31;1;RAIZEN ENERGIA S.A.;023230;DF Individual - Demonstração do Resultado;REAL;MIL;PENÚLTIMO;2018-04-01;2019-03-31;3.10;Resultado Líquido de Operações Descontinuadas;0.0000000000;S
08.070.508/0001-78;2020-03-31;1;RAIZEN ENERGIA S.A.;023230;DF Individual - Demonstração do Resultado;REAL;MIL;ÚLTIMO;2019-04-01;2020-03-31;3.10;Resultado Líquido de Operações Descontinuadas;0.0000000000;S
08.070.508/0001-78;2020-03-31;1;RAIZEN ENERGIA S.A.;023230;DF Individual - Demonstração do Resultado;REAL;MIL;PENÚLTIMO;2018-04-01;2019-03-31;3.10.01;Lucro/Prejuízo Líquido das Operações Descontinuadas;0.0000000000;S
08.070.508/0001-78;2020-03-31;1;RAIZEN ENERGIA S.A.;023230;DF Individual - Demonstração do Resultado;REAL;MIL;ÚLTIMO;2019-04-01;2020-03-31;3.10.01;Lucro/Prejuízo Líquido das Operações Descontinuadas;0.0000000000;S
08.070.508/0001-78;2020-03-31;1;RAIZEN ENERGIA S.A.;023230;DF Individual - Demonstração do Resultado;REAL;MIL;PENÚLTIMO;2018-04-01;2019-03-31;3.10.02;Ganhos/Perdas Líquidas sobre Ativos de Operações Descontinuadas;0.0000000000;S
08.070.508/0001-78;2020-03-31;1;RAIZEN ENERGIA S.A.;023230;DF Individual - Demonstração do Resultado;REAL;MIL;ÚLTIMO;2019-04-01;2020-03-31;3.10.02;Ganhos/Perdas Líquidas sobre Ativos de Operações Descontinuadas;0.0000000000;S
08.070.508/0001-78;2020-03-31;1;RAIZEN ENERGIA S.A.;023230;DF Individual - Demonstração do Resultado;REAL;MIL;PENÚLTIMO;2018-04-01;2019-03-31;3.11;Lucro/Prejuízo do Período;468101.0000000000;S
08.070.508/0001-78;2020-03-31;1;RAIZEN ENERGIA S.A.;023230;DF Individual - Demonstração do Resultado;REAL;MIL;ÚLTIMO;2019-04-01;2020-03-31;3.11;Lucro/Prejuízo do Período;175828.0000000000;S
08.070.508/0001-78;2020-03-31;1;RAIZEN ENERGIA S.A.;023230;DF Individual - Demonstração do Resultado;REAL;MIL;PENÚLTIMO;2018-04-01;2019-03-31;3.99;Lucro por Ação - (Reais / Ação);0.0000000000;N
08.070.508/0001-78;2020-03-31;1;RAIZEN ENERGIA S.A.;023230;DF Individual - Demonstração do Resultado;REAL;MIL;ÚLTIMO;2019-04-01;2020-03-31;3.99;Lucro por Ação - (Reais / Ação);0.0000000000;N
08.070.508/0001-78;2020-03-31;1;RAIZEN ENERGIA S.A.;023230;DF Individual - Demonstração do Resultado;REAL;MIL;PENÚLTIMO;2018-04-01;2019-03-31;3.99.01;Lucro Básico por Ação;0.0000000000;N
08.070.508/0001-78;2020-03-31;1;RAIZEN ENERGIA S.A.;023230;DF Individual - Demonstração do Resultado;REAL;MIL;ÚLTIMO;2019-04-01;2020-03-31;3.99.01;Lucro Básico por Ação;0.0000000000;N
08.070.508/0001-78;2020-03-31;1;RAIZEN ENERGIA S.A.;023230;DF Individual - Demonstração do Resultado;REAL;MIL;PENÚLTIMO;2018-04-01;2019-03-31;3.99.02;Lucro Diluído por Ação;0.0000000000;N
08.070.508/0001-78;2020-03-31;1;RAIZEN ENERGIA S.A.;023230;DF Individual - Demonstração do Resultado;REAL;MIL;ÚLTIMO;2019-04-01;2020-03-31;3.99.02;Lucro Diluído por Ação;0.0000000000;N
08.493.364/0001-62;2020-03-31;2;CIA MINEIRA DE AÇUCAR E ALCOOL PARTICIPAÇÕES;021709;DF Individual - Demonstração do Resultado;REAL;MIL;PENÚLTIMO;2018-04-01;2019-03-31;3.01;Receita de Venda de Bens e/ou Serviços;0.0000000000;S
08.493.364/0001-62;2020-03-31;2;CIA MINEIRA DE AÇUCAR E ALCOOL PARTICIPAÇÕES;021709;DF Individual - Demonstração do Resultado;REAL;MIL;ÚLTIMO;2019-04-01;2020-03-31;3.01;Receita de Venda de Bens e/ou Serviços;0.0000000000;S
08.493.364/0001-62;2020-03-31;2;CIA MINEIRA DE AÇUCAR E ALCOOL PARTICIPAÇÕES;021709;DF Individual - Demonstração do Resultado;REAL;MIL;PENÚLTIMO;2018-04-01;2019-03-31;3.02;Custo dos Bens e/ou Serviços Vendidos;0.0000000000;S
08.493.364/0001-62;2020-03-31;2;CIA MINEIRA DE AÇUCAR E ALCOOL PARTICIPAÇÕES;021709;DF Individual - Demonstração do Resultado;REAL;MIL;ÚLTIMO;2019-04-01;2020-03-31;3.02;Custo dos Bens e/ou Serviços Vendidos;0.0000000000;S
08.493.364/0001-62;2020-03-31;2;CIA MINEIRA DE AÇUCAR E ALCOOL PARTICIPAÇÕES;021709;DF Individual - Demonstração do Resultado;REAL;MIL;PENÚLTIMO;2018-04-01;2019-03-31;3.03;Resultado Bruto;0.0000000000;S
08.493.364/0001-62;2020-03-31;2;CIA MINEIRA DE AÇUCAR E ALCOOL PARTICIPAÇÕES;021709;DF Individual - Demonstração do Resultado;REAL;MIL;ÚLTIMO;2019-04-01;2020-03-31;3.03;Resultado Bruto;0.0000000000;S
08.493.364/0001-62;2020-03-31;2;CIA MINEIRA DE AÇUCAR E ALCOOL PARTICIPAÇÕES;021709;DF Individual - Demonstração do Resultado;REAL;MIL;PENÚLTIMO;2018-04-01;2019-03-31;3.04;Despesas/Receitas Operacionais;18939.0000000000;S
08.493.364/0001-62;2020-03-31;2;CIA MINEIRA DE AÇUCAR E ALCOOL PARTICIPAÇÕES;021709;DF Individual - Demonstração do Resultado;REAL;MIL;ÚLTIMO;2019-04-01;2020-03-31;3.04;Despesas/Receitas Operacionais;62785.0000000000;S
08.493.364/0001-62;2020-03-31;2;CIA MINEIRA DE AÇUCAR E ALCOOL PARTICIPAÇÕES;021709;DF Individual - Demonstração do Resultado;REAL;MIL;PENÚLTIMO;2018-04-01;2019-03-31;3.04.01;Despesas com Vendas;0.0000000000;S
08.493.364/0001-62;2020-03-31;2;CIA MINEIRA DE AÇUCAR E ALCOOL PARTICIPAÇÕES;021709;DF Individual - Demonstração do Resultado;REAL;MIL;ÚLTIMO;2019-04-01;2020-03-31;3.04.01;Despesas com Vendas;0.0000000000;S
08.493.364/0001-62;2020-03-31;2;CIA MINEIRA DE AÇUCAR E ALCOOL PARTICIPAÇÕES;021709;DF Individual - Demonstração do Resultado;REAL;MIL;PENÚLTIMO;2018-04-01;2019-03-31;3.04.02;Despesas Gerais e Administrativas;-1718.0000000000;S
08.493.364/0001-62;2020-03-31;2;CIA MINEIRA DE AÇUCAR E ALCOOL PARTICIPAÇÕES;021709;DF Individual - Demonstração do Resultado;REAL;MIL;ÚLTIMO;2019-04-01;2020-03-31;3.04.02;Despesas Gerais e Administrativas;-1490.0000000000;S
08.493.364/0001-62;2020-03-31;2;CIA MINEIRA DE AÇUCAR E ALCOOL PARTICIPAÇÕES;021709;DF Individual - Demonstração do Resultado;REAL;MIL;PENÚLTIMO;2018-04-01;2019-03-31;3.04.03;Perdas pela Não Recuperabilidade de Ativos;0.0000000000;S
08.493.364/0001-62;2020-03-31;2;CIA MINEIRA DE AÇUCAR E ALCOOL PARTICIPAÇÕES;021709;DF Individual - Demonstração do Resultado;REAL;MIL;ÚLTIMO;2019-04-01;2020-03-31;3.04.03;Perdas pela Não Recuperabilidade de Ativos;0.0000000000;S
08.493.364/0001-62;2020-03-31;2;CIA MINEIRA DE AÇUCAR E ALCOOL PARTICIPAÇÕES;021709;DF Individual - Demonstração do Resultado;REAL;MIL;PENÚLTIMO;2018-04-01;2019-03-31;3.04.04;Outras Receitas Operacionais;20.0000000000;S
08.493.364/0001-62;2020-03-31;2;CIA MINEIRA DE AÇUCAR E ALCOOL PARTICIPAÇÕES;021709;DF Individual - Demonstração do Resultado;REAL;MIL;ÚLTIMO;2019-04-01;2020-03-31;3.04.04;Outras Receitas Operacionais;35.0000000000;S
08.493.364/0001-62;2020-03-31;2;CIA MINEIRA DE AÇUCAR E ALCOOL PARTICIPAÇÕES;021709;DF Individual - Demonstração do Resultado;REAL;MIL;PENÚLTIMO;2018-04-01;2019-03-31;3.04.05;Outras Despesas Operacionais;0.0000000000;S
08.493.364/0001-62;2020-03-31;2;CIA MINEIRA DE AÇUCAR E ALCOOL PARTICIPAÇÕES;021709;DF Individual - Demonstração do Resultado;REAL;MIL;ÚLTIMO;2019-04-01;2020-03-31;3.04.05;Outras Despesas Operacionais;0.0000000000;S
08.493.364/0001-62;2020-03-31;2;CIA MINEIRA DE AÇUCAR E ALCOOL PARTICIPAÇÕES;021709;DF Individual - Demonstração do Resultado;REAL;MIL;PENÚLTIMO;2018-04-01;2019-03-31;3.04.06;Resultado de Equivalência Patrimonial;20637.0000000000;S
08.493.364/0001-62;2020-03-31;2;CIA MINEIRA DE AÇUCAR E ALCOOL PARTICIPAÇÕES;021709;DF Individual - Demonstração do Resultado;REAL;MIL;ÚLTIMO;2019-04-01;2020-03-31;3.04.06;Resultado de Equivalência Patrimonial;64240.0000000000;S
08.493.364/0001-62;2020-03-31;2;CIA MINEIRA DE AÇUCAR E ALCOOL PARTICIPAÇÕES;021709;DF Individual - Demonstração do Resultado;REAL;MIL;PENÚLTIMO;2018-04-01;2019-03-31;3.05;Resultado Antes do Resultado Financeiro e dos Tributos;18939.0000000000;S
08.493.364/0001-62;2020-03-31;2;CIA MINEIRA DE AÇUCAR E ALCOOL PARTICIPAÇÕES;021709;DF Individual - Demonstração do Resultado;REAL;MIL;ÚLTIMO;2019-04-01;2020-03-31;3.05;Resultado Antes do Resultado Financeiro e dos Tributos;62785.0000000000;S
08.493.364/0001-62;2020-03-31;2;CIA MINEIRA DE AÇUCAR E ALCOOL PARTICIPAÇÕES;021709;DF Individual - Demonstração do Resultado;REAL;MIL;PENÚLTIMO;2018-04-01;2019-03-31;3.06;Resultado Financeiro;-107.0000000000;S
08.493.364/0001-62;2020-03-31;2;CIA MINEIRA DE AÇUCAR E ALCOOL PARTICIPAÇÕES;021709;DF Individual - Demonstração do Resultado;REAL;MIL;ÚLTIMO;2019-04-01;2020-03-31;3.06;Resultado Financeiro;-114.0000000000;S
08.493.364/0001-62;2020-03-31;2;CIA MINEIRA DE AÇUCAR E ALCOOL PARTICIPAÇÕES;021709;DF Individual - Demonstração do Resultado;REAL;MIL;PENÚLTIMO;2018-04-01;2019-03-31;3.06.01;Receitas Financeiras;7.0000000000;S
08.493.364/0001-62;2020-03-31;2;CIA MINEIRA DE AÇUCAR E ALCOOL PARTICIPAÇÕES;021709;DF Individual - Demonstração do Resultado;REAL;MIL;ÚLTIMO;2019-04-01;2020-03-31;3.06.01;Receitas Financeiras;4.0000000000;S
08.493.364/0001-62;2020-03-31;2;CIA MINEIRA DE AÇUCAR E ALCOOL PARTICIPAÇÕES;021709;DF Individual - Demonstração do Resultado;REAL;MIL;PENÚLTIMO;2018-04-01;2019-03-31;3.06.02;Despesas Financeiras;-114.0000000000;S
08.493.364/0001-62;2020-03-31;2;CIA MINEIRA DE AÇUCAR E ALCOOL PARTICIPAÇÕES;021709;DF Individual - Demonstração do Resultado;REAL;MIL;ÚLTIMO;2019-04-01;2020-03-31;3.06.02;Despesas Financeiras;-118.0000000000;S
08.493.364/0001-62;2020-03-31;2;CIA MINEIRA DE AÇUCAR E ALCOOL PARTICIPAÇÕES;021709;DF Individual - Demonstração do Resultado;REAL;MIL;PENÚLTIMO;2018-04-01;2019-03-31;3.07;Resultado Antes dos Tributos sobre o Lucro;18832.0000000000;S
08.493.364/0001-62;2020-03-31;2;CIA MINEIRA DE AÇUCAR E ALCOOL PARTICIPAÇÕES;021709;DF Individual - Demonstração do Resultado;REAL;MIL;ÚLTIMO;2019-04-01;2020-03-31;3.07;Resultado Antes dos Tributos sobre o Lucro;62671.0000000000;S
08.493.364/0001-62;2020-03-31;2;CIA MINEIRA DE AÇUCAR E ALCOOL PARTICIPAÇÕES;021709;DF Individual - Demonstração do Resultado;REAL;MIL;PENÚLTIMO;2018-04-01;2019-03-31;3.08;Imposto de Renda e Contribuição Social sobre o Lucro;0.0000000000;S
08.493.364/0001-62;2020-03-31;2;CIA MINEIRA DE AÇUCAR E ALCOOL PARTICIPAÇÕES;021709;DF Individual - Demonstração do Resultado;REAL;MIL;ÚLTIMO;2019-04-01;2020-03-31;3.08;Imposto de Renda e Contribuição Social sobre o Lucro;0.0000000000;S
08.493.364/0001-62;2020-03-31;2;CIA MINEIRA DE AÇUCAR E ALCOOL PARTICIPAÇÕES;021709;DF Individual - Demonstração do Resultado;REAL;MIL;PENÚLTIMO;2018-04-01;2019-03-31;3.08.01;Corrente;0.0000000000;S
08.493.364/0001-62;2020-03-31;2;CIA MINEIRA DE AÇUCAR E ALCOOL PARTICIPAÇÕES;021709;DF Individual - Demonstração do Resultado;REAL;MIL;ÚLTIMO;2019-04-01;2020-03-31;3.08.01;Corrente;0.0000000000;S
08.493.364/0001-62;2020-03-31;2;CIA MINEIRA DE AÇUCAR E ALCOOL PARTICIPAÇÕES;021709;DF Individual - Demonstração do Resultado;REAL;MIL;PENÚLTIMO;2018-04-01;2019-03-31;3.08.02;Diferido;0.0000000000;S
08.493.364/0001-62;2020-03-31;2;CIA MINEIRA DE AÇUCAR E ALCOOL PARTICIPAÇÕES;021709;DF Individual - Demonstração do Resultado;REAL;MIL;ÚLTIMO;2019-04-01;2020-03-31;3.08.02;Diferido;0.0000000000;S
08.493.364/0001-62;2020-03-31;2;CIA MINEIRA DE AÇUCAR E ALCOOL PARTICIPAÇÕES;021709;DF Individual - Demonstração do Resultado;REAL;MIL;PENÚLTIMO;2018-04-01;2019-03-31;3.09;Resultado Líquido das Operações Continuadas;18832.0000000000;S
08.493.364/0001-62;2020-03-31;2;CIA MINEIRA DE AÇUCAR E ALCOOL PARTICIPAÇÕES;021709;DF Individual - Demonstração do Resultado;REAL;MIL;ÚLTIMO;2019-04-01;2020-03-31;3.09;Resultado Líquido das Operações Continuadas;62671.0000000000;S
08.493.364/0001-62;2020-03-31;2;CIA MINEIRA DE AÇUCAR E ALCOOL PARTICIPAÇÕES;021709;DF Individual - Demonstração do Resultado;REAL;MIL;PENÚLTIMO;2018-04-01;2019-03-31;3.10;Resultado Líquido de Operações Descontinuadas;0.0000000000;S
08.493.364/0001-62;2020-03-31;2;CIA MINEIRA DE AÇUCAR E ALCOOL PARTICIPAÇÕES;021709;DF Individual - Demonstração do Resultado;REAL;MIL;ÚLTIMO;2019-04-01;2020-03-31;3.10;Resultado Líquido de Operações Descontinuadas;0.0000000000;S
08.493.364/0001-62;2020-03-31;2;CIA MINEIRA DE AÇUCAR E ALCOOL PARTICIPAÇÕES;021709;DF Individual - Demonstração do Resultado;REAL;MIL;PENÚLTIMO;2018-04-01;2019-03-31;3.10.01;Lucro/Prejuízo Líquido das Operações Descontinuadas;0.0000000000;S
08.493.364/0001-62;2020-03-31;2;CIA MINEIRA DE AÇUCAR E ALCOOL PARTICIPAÇÕES;021709;DF Individual - Demonstração do Resultado;REAL;MIL;ÚLTIMO;2019-04-01;2020-03-31;3.10.01;Lucro/Prejuízo Líquido das Operações Descontinuadas;0.0000000000;S
08.493.364/0001-62;2020-03-31;2;CIA MINEIRA DE AÇUCAR E ALCOOL PARTICIPAÇÕES;021709;DF Individual - Demonstração do Resultado;REAL;MIL;PENÚLTIMO;2018-04-01;2019-03-31;3.10.02;Ganhos/Perdas Líquidas sobre Ativos de Operações Descontinuadas;0.0000000000;S
08.493.364/0001-62;2020-03-31;2;CIA MINEIRA DE AÇUCAR E ALCOOL PARTICIPAÇÕES;021709;DF Individual - Demonstração do Resultado;REAL;MIL;ÚLTIMO;2019-04-01;2020-03-31;3.10.02;Ganhos/Perdas Líquidas sobre Ativos de Operações Descontinuadas;0.0000000000;S
08.493.364/0001-62;2020-03-31;2;CIA MINEIRA DE AÇUCAR E ALCOOL PARTICIPAÇÕES;021709;DF Individual - Demonstração do Resultado;REAL;MIL;PENÚLTIMO;2018-04-01;2019-03-31;3.11;Lucro/Prejuízo do Período;18832.0000000000;S
08.493.364/0001-62;2020-03-31;2;CIA MINEIRA DE AÇUCAR E ALCOOL PARTICIPAÇÕES;021709;DF Individual - Demonstração do Resultado;REAL;MIL;ÚLTIMO;2019-04-01;2020-03-31;3.11;Lucro/Prejuízo do Período;62671.0000000000;S
08.493.364/0001-62;2020-03-31;2;CIA MINEIRA DE AÇUCAR E ALCOOL PARTICIPAÇÕES;021709;DF Individual - Demonstração do Resultado;REAL;MIL;PENÚLTIMO;2018-04-01;2019-03-31;3.99;Lucro por Ação - (Reais / Ação);0.0000000000;N
08.493.364/0001-62;2020-03-31;2;CIA MINEIRA DE AÇUCAR E ALCOOL PARTICIPAÇÕES;021709;DF Individual - Demonstração do Resultado;REAL;MIL;ÚLTIMO;2019-04-01;2020-03-31;3.99;Lucro por Ação - (Reais / Ação);0.0000000000;N
08.493.364/0001-62;2020-03-31;2;CIA MINEIRA DE AÇUCAR E ALCOOL PARTICIPAÇÕES;021709;DF Individual - Demonstração do Resultado;REAL;MIL;PENÚLTIMO;2018-04-01;2019-03-31;3.99.01;Lucro Básico por Ação;0.0000000000;N
08.493.364/0001-62;2020-03-31;2;CIA MINEIRA DE AÇUCAR E ALCOOL PARTICIPAÇÕES;021709;DF Individual - Demonstração do Resultado;REAL;MIL;ÚLTIMO;2019-04-01;2020-03-31;3.99.01;Lucro Básico por Ação;0.0000000000;N
08.493.364/0001-62;2020-03-31;2;CIA MINEIRA DE AÇUCAR E ALCOOL PARTICIPAÇÕES;021709;DF Individual - Demonstração do Resultado;REAL;MIL;PENÚLTIMO;2018-04-01;2019-03-31;3.99.01.01;ON;0.0177000000;N
08.493.364/0001-62;2020-03-31;2;CIA MINEIRA DE AÇUCAR E ALCOOL PARTICIPAÇÕES;021709;DF Individual - Demonstração do Resultado;REAL;MIL;ÚLTIMO;2019-04-01;2020-03-31;3.99.01.01;ON;0.0589000000;N
08.493.364/0001-62;2020-03-31;2;CIA MINEIRA DE AÇUCAR E ALCOOL PARTICIPAÇÕES;021709;DF Individual - Demonstração do Resultado;REAL;MIL;PENÚLTIMO;2018-04-01;2019-03-31;3.99.02;Lucro Diluído por Ação;0.0000000000;N
08.493.364/0001-62;2020-03-31;2;CIA MINEIRA DE AÇUCAR E ALCOOL PARTICIPAÇÕES;021709;DF Individual - Demonstração do Resultado;REAL;MIL;ÚLTIMO;2019-04-01;2020-03-31;3.99.02;Lucro Diluído por Ação;0.0000000000;N
08.493.364/0001-62;2020-03-31;2;CIA MINEIRA DE AÇUCAR E ALCOOL PARTICIPAÇÕES;021709;DF Individual - Demonstração do Resultado;REAL;MIL;PENÚLTIMO;2018-04-01;2019-03-31;3.99.02.01;ON;0.0177000000;N
08.493.364/0001-62;2020-03-31;2;CIA MINEIRA DE AÇUCAR E ALCOOL PARTICIPAÇÕES;021709;DF Individual - Demonstração do Resultado;REAL;MIL;ÚLTIMO;2019-04-01;2020-03-31;3.99.02.01;ON;0.0589000000;N
15.527.906/0001-36;2020-03-31;1;BIOSEV S.A.;022845;DF Individual - Demonstração do Resultado;REAL;MIL;PENÚLTIMO;2018-04-01;2019-03-31;3.01;Receita de Venda de Bens e/ou Serviços;3249138.0000000000;S
15.527.906/0001-36;2020-03-31;1;BIOSEV S.A.;022845;DF Individual - Demonstração do Resultado;REAL;MIL;ÚLTIMO;2019-04-01;2020-03-31;3.01;Receita de Venda de Bens e/ou Serviços;2902584.0000000000;S
15.527.906/0001-36;2020-03-31;1;BIOSEV S.A.;022845;DF Individual - Demonstração do Resultado;REAL;MIL;PENÚLTIMO;2018-04-01;2019-03-31;3.02;Custo dos Bens e/ou Serviços Vendidos;-2810197.0000000000;S
15.527.906/0001-36;2020-03-31;1;BIOSEV S.A.;022845;DF Individual - Demonstração do Resultado;REAL;MIL;ÚLTIMO;2019-04-01;2020-03-31;3.02;Custo dos Bens e/ou Serviços Vendidos;-2307142.0000000000;S
15.527.906/0001-36;2020-03-31;1;BIOSEV S.A.;022845;DF Individual - Demonstração do Resultado;REAL;MIL;PENÚLTIMO;2018-04-01;2019-03-31;3.03;Resultado Bruto;438941.0000000000;S
15.527.906/0001-36;2020-03-31;1;BIOSEV S.A.;022845;DF Individual - Demonstração do Resultado;REAL;MIL;ÚLTIMO;2019-04-01;2020-03-31;3.03;Resultado Bruto;595442.0000000000;S
15.527.906/0001-36;2020-03-31;1;BIOSEV S.A.;022845;DF Individual - Demonstração do Resultado;REAL;MIL;PENÚLTIMO;2018-04-01;2019-03-31;3.04;Despesas/Receitas Operacionais;-996086.0000000000;S
15.527.906/0001-36;2020-03-31;1;BIOSEV S.A.;022845;DF Individual - Demonstração do Resultado;REAL;MIL;ÚLTIMO;2019-04-01;2020-03-31;3.04;Despesas/Receitas Operacionais;-1211441.0000000000;S
15.527.906/0001-36;2020-03-31;1;BIOSEV S.A.;022845;DF Individual - Demonstração do Resultado;REAL;MIL;PENÚLTIMO;2018-04-01;2019-03-31;3.04.01;Despesas com Vendas;-73273.0000000000;S
15.527.906/0001-36;2020-03-31;1;BIOSEV S.A.;022845;DF Individual - Demonstração do Resultado;REAL;MIL;ÚLTIMO;2019-04-01;2020-03-31;3.04.01;Despesas com Vendas;-45924.0000000000;S
15.527.906/0001-36;2020-03-31;1;BIOSEV S.A.;022845;DF Individual - Demonstração do Resultado;REAL;MIL;PENÚLTIMO;2018-04-01;2019-03-31;3.04.02;Despesas Gerais e Administrativas;-132056.0000000000;S
15.527.906/0001-36;2020-03-31;1;BIOSEV S.A.;022845;DF Individual - Demonstração do Resultado;REAL;MIL;ÚLTIMO;2019-04-01;2020-03-31;3.04.02;Despesas Gerais e Administrativas;-146191.0000000000;S
15.527.906/0001-36;2020-03-31;1;BIOSEV S.A.;022845;DF Individual - Demonstração do Resultado;REAL;MIL;PENÚLTIMO;2018-04-01;2019-03-31;3.04.03;Perdas pela Não Recuperabilidade de Ativos;0.0000000000;S
15.527.906/0001-36;2020-03-31;1;BIOSEV S.A.;022845;DF Individual - Demonstração do Resultado;REAL;MIL;ÚLTIMO;2019-04-01;2020-03-31;3.04.03;Perdas pela Não Recuperabilidade de Ativos;0.0000000000;S
15.527.906/0001-36;2020-03-31;1;BIOSEV S.A.;022845;DF Individual - Demonstração do Resultado;REAL;MIL;PENÚLTIMO;2018-04-01;2019-03-31;3.04.04;Outras Receitas Operacionais;90065.0000000000;S
15.527.906/0001-36;2020-03-31;1;BIOSEV S.A.;022845;DF Individual - Demonstração do Resultado;REAL;MIL;ÚLTIMO;2019-04-01;2020-03-31;3.04.04;Outras Receitas Operacionais;195994.0000000000;S
15.527.906/0001-36;2020-03-31;1;BIOSEV S.A.;022845;DF Individual - Demonstração do Resultado;REAL;MIL;PENÚLTIMO;2018-04-01;2019-03-31;3.04.05;Outras Despesas Operacionais;-180387.0000000000;S
15.527.906/0001-36;2020-03-31;1;BIOSEV S.A.;022845;DF Individual - Demonstração do Resultado;REAL;MIL;ÚLTIMO;2019-04-01;2020-03-31;3.04.05;Outras Despesas Operacionais;-105873.0000000000;S
15.527.906/0001-36;2020-03-31;1;BIOSEV S.A.;022845;DF Individual - Demonstração do Resultado;REAL;MIL;PENÚLTIMO;2018-04-01;2019-03-31;3.04.06;Resultado de Equivalência Patrimonial;-700435.0000000000;S
15.527.906/0001-36;2020-03-31;1;BIOSEV S.A.;022845;DF Individual - Demonstração do Resultado;REAL;MIL;ÚLTIMO;2019-04-01;2020-03-31;3.04.06;Resultado de Equivalência Patrimonial;-1109447.0000000000;S
15.527.906/0001-36;2020-03-31;1;BIOSEV S.A.;022845;DF Individual - Demonstração do Resultado;REAL;MIL;PENÚLTIMO;2018-04-01;2019-03-31;3.05;Resultado Antes do Resultado Financeiro e dos Tributos;-557145.0000000000;S
15.527.906/0001-36;2020-03-31;1;BIOSEV S.A.;022845;DF Individual - Demonstração do Resultado;REAL;MIL;ÚLTIMO;2019-04-01;2020-03-31;3.05;Resultado Antes do Resultado Financeiro e dos Tributos;-615999.0000000000;S
15.527.906/0001-36;2020-03-31;1;BIOSEV S.A.;022845;DF Individual - Demonstração do Resultado;REAL;MIL;PENÚLTIMO;2018-04-01;2019-03-31;3.06;Resultado Financeiro;-689123.0000000000;S
15.527.906/0001-36;2020-03-31;1;BIOSEV S.A.;022845;DF Individual - Demonstração do Resultado;REAL;MIL;ÚLTIMO;2019-04-01;2020-03-31;3.06;Resultado Financeiro;-1034309.0000000000;S
15.527.906/0001-36;2020-03-31;1;BIOSEV S.A.;022845;DF Individual - Demonstração do Resultado;REAL;MIL;PENÚLTIMO;2018-04-01;2019-03-31;3.06.01;Receitas Financeiras;81734.0000000000;S
15.527.906/0001-36;2020-03-31;1;BIOSEV S.A.;022845;DF Individual - Demonstração do Resultado;REAL;MIL;ÚLTIMO;2019-04-01;2020-03-31;3.06.01;Receitas Financeiras;151278.0000000000;S
15.527.906/0001-36;2020-03-31;1;BIOSEV S.A.;022845;DF Individual - Demonstração do Resultado;REAL;MIL;PENÚLTIMO;2018-04-01;2019-03-31;3.06.01.01;Receitas Financeiras;20436.0000000000;N
15.527.906/0001-36;2020-03-31;1;BIOSEV S.A.;022845;DF Individual - Demonstração do Resultado;REAL;MIL;ÚLTIMO;2019-04-01;2020-03-31;3.06.01.01;Receitas Financeiras;23972.0000000000;N
15.527.906/0001-36;2020-03-31;1;BIOSEV S.A.;022845;DF Individual - Demonstração do Resultado;REAL;MIL;PENÚLTIMO;2018-04-01;2019-03-31;3.06.01.02;Variação Cambial;0.0000000000;N
15.527.906/0001-36;2020-03-31;1;BIOSEV S.A.;022845;DF Individual - Demonstração do Resultado;REAL;MIL;ÚLTIMO;2019-04-01;2020-03-31;3.06.01.02;Variação Cambial;0.0000000000;N
15.527.906/0001-36;2020-03-31;1;BIOSEV S.A.;022845;DF Individual - Demonstração do Resultado;REAL;MIL;PENÚLTIMO;2018-04-01;2019-03-31;3.06.01.03;Derivativos;61298.0000000000;N
15.527.906/0001-36;2020-03-31;1;BIOSEV S.A.;022845;DF Individual - Demonstração do Resultado;REAL;MIL;ÚLTIMO;2019-04-01;2020-03-31;3.06.01.03;Derivativos;127306.0000000000;N
15.527.906/0001-36;2020-03-31;1;BIOSEV S.A.;022845;DF Individual - Demonstração do Resultado;REAL;MIL;PENÚLTIMO;2018-04-01;2019-03-31;3.06.02;Despesas Financeiras;-770857.0000000000;S
15.527.906/0001-36;2020-03-31;1;BIOSEV S.A.;022845;DF Individual - Demonstração do Resultado;REAL;MIL;ÚLTIMO;2019-04-01;2020-03-31;3.06.02;Despesas Financeiras;-1185587.0000000000;S
15.527.906/0001-36;2020-03-31;1;BIOSEV S.A.;022845;DF Individual - Demonstração do Resultado;REAL;MIL;PENÚLTIMO;2018-04-01;2019-03-31;3.06.02.01;Despesas Financeiras;-265566.0000000000;N
15.527.906/0001-36;2020-03-31;1;BIOSEV S.A.;022845;DF Individual - Demonstração do Resultado;REAL;MIL;ÚLTIMO;2019-04-01;2020-03-31;3.06.02.01;Despesas Financeiras;-346202.0000000000;N
15.527.906/0001-36;2020-03-31;1;BIOSEV S.A.;022845;DF Individual - Demonstração do Resultado;REAL;MIL;PENÚLTIMO;2018-04-01;2019-03-31;3.06.02.02;Variação Cambial;-505291.0000000000;N
15.527.906/0001-36;2020-03-31;1;BIOSEV S.A.;022845;DF Individual - Demonstração do Resultado;REAL;MIL;ÚLTIMO;2019-04-01;2020-03-31;3.06.02.02;Variação Cambial;-839385.0000000000;N
15.527.906/0001-36;2020-03-31;1;BIOSEV S.A.;022845;DF Individual - Demonstração do Resultado;REAL;MIL;PENÚLTIMO;2018-04-01;2019-03-31;3.06.02.03;Derivativos;0.0000000000;N
15.527.906/0001-36;2020-03-31;1;BIOSEV S.A.;022845;DF Individual - Demonstração do Resultado;REAL;MIL;ÚLTIMO;2019-04-01;2020-03-31;3.06.02.03;Derivativos;0.0000000000;N
15.527.906/0001-36;2020-03-31;1;BIOSEV S.A.;022845;DF Individual - Demonstração do Resultado;REAL;MIL;PENÚLTIMO;2018-04-01;2019-03-31;3.07;Resultado Antes dos Tributos sobre o Lucro;-1246268.0000000000;S
15.527.906/0001-36;2020-03-31;1;BIOSEV S.A.;022845;DF Individual - Demonstração do Resultado;REAL;MIL;ÚLTIMO;2019-04-01;2020-03-31;3.07;Resultado Antes dos Tributos sobre o Lucro;-1650308.0000000000;S
15.527.906/0001-36;2020-03-31;1;BIOSEV S.A.;022845;DF Individual - Demonstração do Resultado;REAL;MIL;PENÚLTIMO;2018-04-01;2019-03-31;3.08;Imposto de Renda e Contribuição Social sobre o Lucro;47560.0000000000;S
15.527.906/0001-36;2020-03-31;1;BIOSEV S.A.;022845;DF Individual - Demonstração do Resultado;REAL;MIL;ÚLTIMO;2019-04-01;2020-03-31;3.08;Imposto de Renda e Contribuição Social sobre o Lucro;99218.0000000000;S
15.527.906/0001-36;2020-03-31;1;BIOSEV S.A.;022845;DF Individual - Demonstração do Resultado;REAL;MIL;PENÚLTIMO;2018-04-01;2019-03-31;3.08.01;Corrente;0.0000000000;S
15.527.906/0001-36;2020-03-31;1;BIOSEV S.A.;022845;DF Individual - Demonstração do Resultado;REAL;MIL;ÚLTIMO;2019-04-01;2020-03-31;3.08.01;Corrente;0.0000000000;S
15.527.906/0001-36;2020-03-31;1;BIOSEV S.A.;022845;DF Individual - Demonstração do Resultado;REAL;MIL;PENÚLTIMO;2018-04-01;2019-03-31;3.08.02;Diferido;0.0000000000;S
15.527.906/0001-36;2020-03-31;1;BIOSEV S.A.;022845;DF Individual - Demonstração do Resultado;REAL;MIL;ÚLTIMO;2019-04-01;2020-03-31;3.08.02;Diferido;0.0000000000;S
15.527.906/0001-36;2020-03-31;1;BIOSEV S.A.;022845;DF Individual - Demonstração do Resultado;REAL;MIL;PENÚLTIMO;2018-04-01;2019-03-31;3.09;Resultado Líquido das Operações Continuadas;-1198708.0000000000;S
15.527.906/0001-36;2020-03-31;1;BIOSEV S.A.;022845;DF Individual - Demonstração do Resultado;REAL;MIL;ÚLTIMO;2019-04-01;2020-03-31;3.09;Resultado Líquido das Operações Continuadas;-1551090.0000000000;S
15.527.906/0001-36;2020-03-31;1;BIOSEV S.A.;022845;DF Individual - Demonstração do Resultado;REAL;MIL;PENÚLTIMO;2018-04-01;2019-03-31;3.10;Resultado Líquido de Operações Descontinuadas;0.0000000000;S
15.527.906/0001-36;2020-03-31;1;BIOSEV S.A.;022845;DF Individual - Demonstração do Resultado;REAL;MIL;ÚLTIMO;2019-04-01;2020-03-31;3.10;Resultado Líquido de Operações Descontinuadas;0.0000000000;S
15.527.906/0001-36;2020-03-31;1;BIOSEV S.A.;022845;DF Individual - Demonstração do Resultado;REAL;MIL;PENÚLTIMO;2018-04-01;2019-03-31;3.10.01;Lucro/Prejuízo Líquido das Operações Descontinuadas;0.0000000000;S
15.527.906/0001-36;2020-03-31;1;BIOSEV S.A.;022845;DF Individual - Demonstração do Resultado;REAL;MIL;ÚLTIMO;2019-04-01;2020-03-31;3.10.01;Lucro/Prejuízo Líquido das Operações Descontinuadas;0.0000000000;S
15.527.906/0001-36;2020-03-31;1;BIOSEV S.A.;022845;DF Individual - Demonstração do Resultado;REAL;MIL;PENÚLTIMO;2018-04-01;2019-03-31;3.10.02;Ganhos/Perdas Líquidas sobre Ativos de Operações Descontinuadas;0.0000000000;S
15.527.906/0001-36;2020-03-31;1;BIOSEV S.A.;022845;DF Individual - Demonstração do Resultado;REAL;MIL;ÚLTIMO;2019-04-01;2020-03-31;3.10.02;Ganhos/Perdas Líquidas sobre Ativos de Operações Descontinuadas;0.0000000000;S
15.527.906/0001-36;2020-03-31;1;BIOSEV S.A.;022845;DF Individual - Demonstração do Resultado;REAL;MIL;PENÚLTIMO;2018-04-01;2019-03-31;3.11;Lucro/Prejuízo do Período;-1198708.0000000000;S
15.527.906/0001-36;2020-03-31;1;BIOSEV S.A.;022845;DF Individual - Demonstração do Resultado;REAL;MIL;ÚLTIMO;2019-04-01;2020-03-31;3.11;Lucro/Prejuízo do Período;-1551090.0000000000;S
15.527.906/0001-36;2020-03-31;1;BIOSEV S.A.;022845;DF Individual - Demonstração do Resultado;REAL;MIL;PENÚLTIMO;2018-04-01;2019-03-31;3.99;Lucro por Ação - (Reais / Ação);0.0000000000;N
15.527.906/0001-36;2020-03-31;1;BIOSEV S.A.;022845;DF Individual - Demonstração do Resultado;REAL;MIL;ÚLTIMO;2019-04-01;2020-03-31;3.99;Lucro por Ação - (Reais / Ação);0.0000000000;N
15.527.906/0001-36;2020-03-31;1;BIOSEV S.A.;022845;DF Individual - Demonstração do Resultado;REAL;MIL;PENÚLTIMO;2018-04-01;2019-03-31;3.99.01;Lucro Básico por Ação;0.0000000000;N
15.527.906/0001-36;2020-03-31;1;BIOSEV S.A.;022845;DF Individual - Demonstração do Resultado;REAL;MIL;ÚLTIMO;2019-04-01;2020-03-31;3.99.01;Lucro Básico por Ação;0.0000000000;N
15.527.906/0001-36;2020-03-31;1;BIOSEV S.A.;022845;DF Individual - Demonstração do Resultado;REAL;MIL;PENÚLTIMO;2018-04-01;2019-03-31;3.99.01.03;ON;-3.3300000000;N
15.527.906/0001-36;2020-03-31;1;BIOSEV S.A.;022845;DF Individual - Demonstração do Resultado;REAL;MIL;ÚLTIMO;2019-04-01;2020-03-31;3.99.01.03;ON;-3.4100000000;N
15.527.906/0001-36;2020-03-31;1;BIOSEV S.A.;022845;DF Individual - Demonstração do Resultado;REAL;MIL;PENÚLTIMO;2018-04-01;2019-03-31;3.99.02;Lucro Diluído por Ação;0.0000000000;N
15.527.906/0001-36;2020-03-31;1;BIOSEV S.A.;022845;DF Individual - Demonstração do Resultado;REAL;MIL;ÚLTIMO;2019-04-01;2020-03-31;3.99.02;Lucro Diluído por Ação;0.0000000000;N
15.527.906/0001-36;2020-03-31;1;BIOSEV S.A.;022845;DF Individual - Demonstração do Resultado;REAL;MIL;PENÚLTIMO;2018-04-01;2019-03-31;3.99.02.03;ON;-3.3300000000;N
15.527.906/0001-36;2020-03-31;1;BIOSEV S.A.;022845;DF Individual - Demonstração do Resultado;REAL;MIL;ÚLTIMO;2019-04-01;2020-03-31;3.99.02.03;ON;-3.4100000000;N
51.466.860/0001-56;2020-03-31;1;SAO MARTINHO S.A.;020516;DF Individual - Demonstração do Resultado;REAL;MIL;PENÚLTIMO;2018-04-01;2019-03-31;3.01;Receita de Venda de Bens e/ou Serviços;3268557.0000000000;S
51.466.860/0001-56;2020-03-31;1;SAO MARTINHO S.A.;020516;DF Individual - Demonstração do Resultado;REAL;MIL;ÚLTIMO;2019-04-01;2020-03-31;3.01;Receita de Venda de Bens e/ou Serviços;3579088.0000000000;S
51.466.860/0001-56;2020-03-31;1;SAO MARTINHO S.A.;020516;DF Individual - Demonstração do Resultado;REAL;MIL;PENÚLTIMO;2018-04-01;2019-03-31;3.02;Custo dos Bens e/ou Serviços Vendidos;-2524100.0000000000;S
51.466.860/0001-56;2020-03-31;1;SAO MARTINHO S.A.;020516;DF Individual - Demonstração do Resultado;REAL;MIL;ÚLTIMO;2019-04-01;2020-03-31;3.02;Custo dos Bens e/ou Serviços Vendidos;-2563599.0000000000;S
51.466.860/0001-56;2020-03-31;1;SAO MARTINHO S.A.;020516;DF Individual - Demonstração do Resultado;REAL;MIL;PENÚLTIMO;2018-04-01;2019-03-31;3.03;Resultado Bruto;744457.0000000000;S
51.466.860/0001-56;2020-03-31;1;SAO MARTINHO S.A.;020516;DF Individual - Demonstração do Resultado;REAL;MIL;ÚLTIMO;2019-04-01;2020-03-31;3.03;Resultado Bruto;1015489.0000000000;S
51.466.860/0001-56;2020-03-31;1;SAO MARTINHO S.A.;020516;DF Individual - Demonstração do Resultado;REAL;MIL;PENÚLTIMO;2018-04-01;2019-03-31;3.04;Despesas/Receitas Operacionais;-43209.0000000000;S
51.466.860/0001-56;2020-03-31;1;SAO MARTINHO S.A.;020516;DF Individual - Demonstração do Resultado;REAL;MIL;ÚLTIMO;2019-04-01;2020-03-31;3.04;Despesas/Receitas Operacionais;170924.0000000000;S
51.466.860/0001-56;2020-03-31;1;SAO MARTINHO S.A.;020516;DF Individual - Demonstração do Resultado;REAL;MIL;PENÚLTIMO;2018-04-01;2019-03-31;3.04.01;Despesas com Vendas;-94828.0000000000;S
51.466.860/0001-56;2020-03-31;1;SAO MARTINHO S.A.;020516;DF Individual - Demonstração do Resultado;REAL;MIL;ÚLTIMO;2019-04-01;2020-03-31;3.04.01;Despesas com Vendas;-136108.0000000000;S
51.466.860/0001-56;2020-03-31;1;SAO MARTINHO S.A.;020516;DF Individual - Demonstração do Resultado;REAL;MIL;PENÚLTIMO;2018-04-01;2019-03-31;3.04.02;Despesas Gerais e Administrativas;-187050.0000000000;S
51.466.860/0001-56;2020-03-31;1;SAO MARTINHO S.A.;020516;DF Individual - Demonstração do Resultado;REAL;MIL;ÚLTIMO;2019-04-01;2020-03-31;3.04.02;Despesas Gerais e Administrativas;-208352.0000000000;S
51.466.860/0001-56;2020-03-31;1;SAO MARTINHO S.A.;020516;DF Individual - Demonstração do Resultado;REAL;MIL;PENÚLTIMO;2018-04-01;2019-03-31;3.04.03;Perdas pela Não Recuperabilidade de Ativos;0.0000000000;S
51.466.860/0001-56;2020-03-31;1;SAO MARTINHO S.A.;020516;DF Individual - Demonstração do Resultado;REAL;MIL;ÚLTIMO;2019-04-01;2020-03-31;3.04.03;Perdas pela Não Recuperabilidade de Ativos;0.0000000000;S
51.466.860/0001-56;2020-03-31;1;SAO MARTINHO S.A.;020516;DF Individual - Demonstração do Resultado;REAL;MIL;PENÚLTIMO;2018-04-01;2019-03-31;3.04.04;Outras Receitas Operacionais;117262.0000000000;S
51.466.860/0001-56;2020-03-31;1;SAO MARTINHO S.A.;020516;DF Individual - Demonstração do Resultado;REAL;MIL;ÚLTIMO;2019-04-01;2020-03-31;3.04.04;Outras Receitas Operacionais;361935.0000000000;S
51.466.860/0001-56;2020-03-31;1;SAO MARTINHO S.A.;020516;DF Individual - Demonstração do Resultado;REAL;MIL;PENÚLTIMO;2018-04-01;2019-03-31;3.04.05;Outras Despesas Operacionais;0.0000000000;S
51.466.860/0001-56;2020-03-31;1;SAO MARTINHO S.A.;020516;DF Individual - Demonstração do Resultado;REAL;MIL;ÚLTIMO;2019-04-01;2020-03-31;3.04.05;Outras Despesas Operacionais;0.0000000000;S
51.466.860/0001-56;2020-03-31;1;SAO MARTINHO S.A.;020516;DF Individual - Demonstração do Resultado;REAL;MIL;PENÚLTIMO;2018-04-01;2019-03-31;3.04.06;Resultado de Equivalência Patrimonial;121407.0000000000;S
51.466.860/0001-56;2020-03-31;1;SAO MARTINHO S.A.;020516;DF Individual - Demonstração do Resultado;REAL;MIL;ÚLTIMO;2019-04-01;2020-03-31;3.04.06;Resultado de Equivalência Patrimonial;153449.0000000000;S
51.466.860/0001-56;2020-03-31;1;SAO MARTINHO S.A.;020516;DF Individual - Demonstração do Resultado;REAL;MIL;PENÚLTIMO;2018-04-01;2019-03-31;3.05;Resultado Antes do Resultado Financeiro e dos Tributos;701248.0000000000;S
51.466.860/0001-56;2020-03-31;1;SAO MARTINHO S.A.;020516;DF Individual - Demonstração do Resultado;REAL;MIL;ÚLTIMO;2019-04-01;2020-03-31;3.05;Resultado Antes do Resultado Financeiro e dos Tributos;1186413.0000000000;S
51.466.860/0001-56;2020-03-31;1;SAO MARTINHO S.A.;020516;DF Individual - Demonstração do Resultado;REAL;MIL;PENÚLTIMO;2018-04-01;2019-03-31;3.06;Resultado Financeiro;-328769.0000000000;S
51.466.860/0001-56;2020-03-31;1;SAO MARTINHO S.A.;020516;DF Individual - Demonstração do Resultado;REAL;MIL;ÚLTIMO;2019-04-01;2020-03-31;3.06;Resultado Financeiro;-460962.0000000000;S
51.466.860/0001-56;2020-03-31;1;SAO MARTINHO S.A.;020516;DF Individual - Demonstração do Resultado;REAL;MIL;PENÚLTIMO;2018-04-01;2019-03-31;3.06.01;Receitas Financeiras;136735.0000000000;S
51.466.860/0001-56;2020-03-31;1;SAO MARTINHO S.A.;020516;DF Individual - Demonstração do Resultado;REAL;MIL;ÚLTIMO;2019-04-01;2020-03-31;3.06.01;Receitas Financeiras;167807.0000000000;S
51.466.860/0001-56;2020-03-31;1;SAO MARTINHO S.A.;020516;DF Individual - Demonstração do Resultado;REAL;MIL;PENÚLTIMO;2018-04-01;2019-03-31;3.06.02;Despesas Financeiras;-465504.0000000000;S
51.466.860/0001-56;2020-03-31;1;SAO MARTINHO S.A.;020516;DF Individual - Demonstração do Resultado;REAL;MIL;ÚLTIMO;2019-04-01;2020-03-31;3.06.02;Despesas Financeiras;-628769.0000000000;S
51.466.860/0001-56;2020-03-31;1;SAO MARTINHO S.A.;020516;DF Individual - Demonstração do Resultado;REAL;MIL;PENÚLTIMO;2018-04-01;2019-03-31;3.07;Resultado Antes dos Tributos sobre o Lucro;372479.0000000000;S
51.466.860/0001-56;2020-03-31;1;SAO MARTINHO S.A.;020516;DF Individual - Demonstração do Resultado;REAL;MIL;ÚLTIMO;2019-04-01;2020-03-31;3.07;Resultado Antes dos Tributos sobre o Lucro;725451.0000000000;S
51.466.860/0001-56;2020-03-31;1;SAO MARTINHO S.A.;020516;DF Individual - Demonstração do Resultado;REAL;MIL;PENÚLTIMO;2018-04-01;2019-03-31;3.08;Imposto de Renda e Contribuição Social sobre o Lucro;-58434.0000000000;S
51.466.860/0001-56;2020-03-31;1;SAO MARTINHO S.A.;020516;DF Individual - Demonstração do Resultado;REAL;MIL;ÚLTIMO;2019-04-01;2020-03-31;3.08;Imposto de Renda e Contribuição Social sobre o Lucro;-86441.0000000000;S
51.466.860/0001-56;2020-03-31;1;SAO MARTINHO S.A.;020516;DF Individual - Demonstração do Resultado;REAL;MIL;PENÚLTIMO;2018-04-01;2019-03-31;3.08.01;Corrente;-24455.0000000000;S
51.466.860/0001-56;2020-03-31;1;SAO MARTINHO S.A.;020516;DF Individual - Demonstração do Resultado;REAL;MIL;ÚLTIMO;2019-04-01;2020-03-31;3.08.01;Corrente;-116257.0000000000;S
51.466.860/0001-56;2020-03-31;1;SAO MARTINHO S.A.;020516;DF Individual - Demonstração do Resultado;REAL;MIL;PENÚLTIMO;2018-04-01;2019-03-31;3.08.02;Diferido;-33979.0000000000;S
51.466.860/0001-56;2020-03-31;1;SAO MARTINHO S.A.;020516;DF Individual - Demonstração do Resultado;REAL;MIL;ÚLTIMO;2019-04-01;2020-03-31;3.08.02;Diferido;29816.0000000000;S
51.466.860/0001-56;2020-03-31;1;SAO MARTINHO S.A.;020516;DF Individual - Demonstração do Resultado;REAL;MIL;PENÚLTIMO;2018-04-01;2019-03-31;3.09;Resultado Líquido das Operações Continuadas;314045.0000000000;S
51.466.860/0001-56;2020-03-31;1;SAO MARTINHO S.A.;020516;DF Individual - Demonstração do Resultado;REAL;MIL;ÚLTIMO;2019-04-01;2020-03-31;3.09;Resultado Líquido das Operações Continuadas;639010.0000000000;S
51.466.860/0001-56;2020-03-31;1;SAO MARTINHO S.A.;020516;DF Individual - Demonstração do Resultado;REAL;MIL;PENÚLTIMO;2018-04-01;2019-03-31;3.10;Resultado Líquido de Operações Descontinuadas;0.0000000000;S
51.466.860/0001-56;2020-03-31;1;SAO MARTINHO S.A.;020516;DF Individual - Demonstração do Resultado;REAL;MIL;ÚLTIMO;2019-04-01;2020-03-31;3.10;Resultado Líquido de Operações Descontinuadas;0.0000000000;S
51.466.860/0001-56;2020-03-31;1;SAO MARTINHO S.A.;020516;DF Individual - Demonstração do Resultado;REAL;MIL;PENÚLTIMO;2018-04-01;2019-03-31;3.10.01;Lucro/Prejuízo Líquido das Operações Descontinuadas;0.0000000000;S
51.466.860/0001-56;2020-03-31;1;SAO MARTINHO S.A.;020516;DF Individual - Demonstração do Resultado;REAL;MIL;ÚLTIMO;2019-04-01;2020-03-31;3.10.01;Lucro/Prejuízo Líquido das Operações Descontinuadas;0.0000000000;S
51.466.860/0001-56;2020-03-31;1;SAO MARTINHO S.A.;020516;DF Individual - Demonstração do Resultado;REAL;MIL;PENÚLTIMO;2018-04-01;2019-03-31;3.10.02;Ganhos/Perdas Líquidas sobre Ativos de Operações Descontinuadas;0.0000000000;S
51.466.860/0001-56;2020-03-31;1;SAO MARTINHO S.A.;020516;DF Individual - Demonstração do Resultado;REAL;MIL;ÚLTIMO;2019-04-01;2020-03-31;3.10.02;Ganhos/Perdas Líquidas sobre Ativos de Operações Descontinuadas;0.0000000000;S
51.466.860/0001-56;2020-03-31;1;SAO MARTINHO S.A.;020516;DF Individual - Demonstração do Resultado;REAL;MIL;PENÚLTIMO;2018-04-01;2019-03-31;3.11;Lucro/Prejuízo do Período;314045.0000000000;S
51.466.860/0001-56;2020-03-31;1;SAO MARTINHO S.A.;020516;DF Individual - Demonstração do Resultado;REAL;MIL;ÚLTIMO;2019-04-01;2020-03-31;3.11;Lucro/Prejuízo do Período;639010.0000000000;S
51.466.860/0001-56;2020-03-31;1;SAO MARTINHO S.A.;020516;DF Individual - Demonstração do Resultado;REAL;MIL;PENÚLTIMO;2018-04-01;2019-03-31;3.99;Lucro por Ação - (Reais / Ação);0.0000000000;N
51.466.860/0001-56;2020-03-31;1;SAO MARTINHO S.A.;020516;DF Individual - Demonstração do Resultado;REAL;MIL;ÚLTIMO;2019-04-01;2020-03-31;3.99;Lucro por Ação - (Reais / Ação);0.0000000000;N
51.466.860/0001-56;2020-03-31;1;SAO MARTINHO S.A.;020516;DF Individual - Demonstração do Resultado;REAL;MIL;PENÚLTIMO;2018-04-01;2019-03-31;3.99.01;Lucro Básico por Ação;0.0000000000;N
51.466.860/0001-56;2020-03-31;1;SAO MARTINHO S.A.;020516;DF Individual - Demonstração do Resultado;REAL;MIL;ÚLTIMO;2019-04-01;2020-03-31;3.99.01;Lucro Básico por Ação;0.0000000000;N
51.466.860/0001-56;2020-03-31;1;SAO MARTINHO S.A.;020516;DF Individual - Demonstração do Resultado;REAL;MIL;PENÚLTIMO;2018-04-01;2019-03-31;3.99.01.01;ON;0.9610300000;N
51.466.860/0001-56;2020-03-31;1;SAO MARTINHO S.A.;020516;DF Individual - Demonstração do Resultado;REAL;MIL;ÚLTIMO;2019-04-01;2020-03-31;3.99.01.01;ON;1.8339000000;N
51.466.860/0001-56;2020-03-31;1;SAO MARTINHO S.A.;020516;DF Individual - Demonstração do Resultado;REAL;MIL;PENÚLTIMO;2018-04-01;2019-03-31;3.99.02;Lucro Diluído por Ação;0.0000000000;N
51.466.860/0001-56;2020-03-31;1;SAO MARTINHO S.A.;020516;DF Individual - Demonstração do Resultado;REAL;MIL;ÚLTIMO;2019-04-01;2020-03-31;3.99.02;Lucro Diluído por Ação;0.0000000000;N
51.466.860/0001-56;2020-03-31;1;SAO MARTINHO S.A.;020516;DF Individual - Demonstração do Resultado;REAL;MIL;PENÚLTIMO;2018-04-01;2019-03-31;3.99.02.01;ON;0.9610300000;N
51.466.860/0001-56;2020-03-31;1;SAO MARTINHO S.A.;020516;DF Individual - Demonstração do Resultado;REAL;MIL;ÚLTIMO;2019-04-01;2020-03-31;3.99.02.01;ON;1.8339000000;N
64.904.295/0001-03;2020-02-29;2;CAMIL ALIMENTOS S.A.;024228;DF Individual - Demonstração do Resultado;REAL;MIL;PENÚLTIMO;2018-03-01;2019-02-28;3.01;Receita de Venda de Bens e/ou Serviços;3236885.0000000000;S
64.904.295/0001-03;2020-02-29;2;CAMIL ALIMENTOS S.A.;024228;DF Individual - Demonstração do Resultado;REAL;MIL;ÚLTIMO;2019-03-01;2020-02-29;3.01;Receita de Venda de Bens e/ou Serviços;3923369.0000000000;S
64.904.295/0001-03;2020-02-29;2;CAMIL ALIMENTOS S.A.;024228;DF Individual - Demonstração do Resultado;REAL;MIL;PENÚLTIMO;2018-03-01;2019-02-28;3.02;Custo dos Bens e/ou Serviços Vendidos;-2434625.0000000000;S
64.904.295/0001-03;2020-02-29;2;CAMIL ALIMENTOS S.A.;024228;DF Individual - Demonstração do Resultado;REAL;MIL;ÚLTIMO;2019-03-01;2020-02-29;3.02;Custo dos Bens e/ou Serviços Vendidos;-3073032.0000000000;S
64.904.295/0001-03;2020-02-29;2;CAMIL ALIMENTOS S.A.;024228;DF Individual - Demonstração do Resultado;REAL;MIL;PENÚLTIMO;2018-03-01;2019-02-28;3.03;Resultado Bruto;802260.0000000000;S
64.904.295/0001-03;2020-02-29;2;CAMIL ALIMENTOS S.A.;024228;DF Individual - Demonstração do Resultado;REAL;MIL;ÚLTIMO;2019-03-01;2020-02-29;3.03;Resultado Bruto;850337.0000000000;S
64.904.295/0001-03;2020-02-29;2;CAMIL ALIMENTOS S.A.;024228;DF Individual - Demonstração do Resultado;REAL;MIL;PENÚLTIMO;2018-03-01;2019-02-28;3.04;Despesas/Receitas Operacionais;-460651.0000000000;S
64.904.295/0001-03;2020-02-29;2;CAMIL ALIMENTOS S.A.;024228;DF Individual - Demonstração do Resultado;REAL;MIL;ÚLTIMO;2019-03-01;2020-02-29;3.04;Despesas/Receitas Operacionais;-587948.0000000000;S
64.904.295/0001-03;2020-02-29;2;CAMIL ALIMENTOS S.A.;024228;DF Individual - Demonstração do Resultado;REAL;MIL;PENÚLTIMO;2018-03-01;2019-02-28;3.04.01;Despesas com Vendas;-411854.0000000000;S
64.904.295/0001-03;2020-02-29;2;CAMIL ALIMENTOS S.A.;024228;DF Individual - Demonstração do Resultado;REAL;MIL;ÚLTIMO;2019-03-01;2020-02-29;3.04.01;Despesas com Vendas;-445778.0000000000;S
64.904.295/0001-03;2020-02-29;2;CAMIL ALIMENTOS S.A.;024228;DF Individual - Demonstração do Resultado;REAL;MIL;PENÚLTIMO;2018-03-01;2019-02-28;3.04.02;Despesas Gerais e Administrativas;-211184.0000000000;S
64.904.295/0001-03;2020-02-29;2;CAMIL ALIMENTOS S.A.;024228;DF Individual - Demonstração do Resultado;REAL;MIL;ÚLTIMO;2019-03-01;2020-02-29;3.04.02;Despesas Gerais e Administrativas;-219671.0000000000;S
64.904.295/0001-03;2020-02-29;2;CAMIL ALIMENTOS S.A.;024228;DF Individual - Demonstração do Resultado;REAL;MIL;PENÚLTIMO;2018-03-01;2019-02-28;3.04.03;Perdas pela Não Recuperabilidade de Ativos;0.0000000000;S
64.904.295/0001-03;2020-02-29;2;CAMIL ALIMENTOS S.A.;024228;DF Individual - Demonstração do Resultado;REAL;MIL;ÚLTIMO;2019-03-01;2020-02-29;3.04.03;Perdas pela Não Recuperabilidade de Ativos;0.0000000000;S
64.904.295/0001-03;2020-02-29;2;CAMIL ALIMENTOS S.A.;024228;DF Individual - Demonstração do Resultado;REAL;MIL;PENÚLTIMO;2018-03-01;2019-02-28;3.04.04;Outras Receitas Operacionais;66953.0000000000;S
64.904.295/0001-03;2020-02-29;2;CAMIL ALIMENTOS S.A.;024228;DF Individual - Demonstração do Resultado;REAL;MIL;ÚLTIMO;2019-03-01;2020-02-29;3.04.04;Outras Receitas Operacionais;962.0000000000;S
64.904.295/0001-03;2020-02-29;2;CAMIL ALIMENTOS S.A.;024228;DF Individual - Demonstração do Resultado;REAL;MIL;PENÚLTIMO;2018-03-01;2019-02-28;3.04.05;Outras Despesas Operacionais;0.0000000000;S
64.904.295/0001-03;2020-02-29;2;CAMIL ALIMENTOS S.A.;024228;DF Individual - Demonstração do Resultado;REAL;MIL;ÚLTIMO;2019-03-01;2020-02-29;3.04.05;Outras Despesas Operacionais;0.0000000000;S
64.904.295/0001-03;2020-02-29;2;CAMIL ALIMENTOS S.A.;024228;DF Individual - Demonstração do Resultado;REAL;MIL;PENÚLTIMO;2018-03-01;2019-02-28;3.04.06;Resultado de Equivalência Patrimonial;95434.0000000000;S
64.904.295/0001-03;2020-02-29;2;CAMIL ALIMENTOS S.A.;024228;DF Individual - Demonstração do Resultado;REAL;MIL;ÚLTIMO;2019-03-01;2020-02-29;3.04.06;Resultado de Equivalência Patrimonial;76539.0000000000;S
64.904.295/0001-03;2020-02-29;2;CAMIL ALIMENTOS S.A.;024228;DF Individual - Demonstração do Resultado;REAL;MIL;PENÚLTIMO;2018-03-01;2019-02-28;3.05;Resultado Antes do Resultado Financeiro e dos Tributos;341609.0000000000;S
64.904.295/0001-03;2020-02-29;2;CAMIL ALIMENTOS S.A.;024228;DF Individual - Demonstração do Resultado;REAL;MIL;ÚLTIMO;2019-03-01;2020-02-29;3.05;Resultado Antes do Resultado Financeiro e dos Tributos;262389.0000000000;S
64.904.295/0001-03;2020-02-29;2;CAMIL ALIMENTOS S.A.;024228;DF Individual - Demonstração do Resultado;REAL;MIL;PENÚLTIMO;2018-03-01;2019-02-28;3.06;Resultado Financeiro;2719.0000000000;S
64.904.295/0001-03;2020-02-29;2;CAMIL ALIMENTOS S.A.;024228;DF Individual - Demonstração do Resultado;REAL;MIL;ÚLTIMO;2019-03-01;2020-02-29;3.06;Resultado Financeiro;-53029.0000000000;S
64.904.295/0001-03;2020-02-29;2;CAMIL ALIMENTOS S.A.;024228;DF Individual - Demonstração do Resultado;REAL;MIL;PENÚLTIMO;2018-03-01;2019-02-28;3.06.01;Receitas Financeiras;179620.0000000000;S
64.904.295/0001-03;2020-02-29;2;CAMIL ALIMENTOS S.A.;024228;DF Individual - Demonstração do Resultado;REAL;MIL;ÚLTIMO;2019-03-01;2020-02-29;3.06.01;Receitas Financeiras;108538.0000000000;S
64.904.295/0001-03;2020-02-29;2;CAMIL ALIMENTOS S.A.;024228;DF Individual - Demonstração do Resultado;REAL;MIL;PENÚLTIMO;2018-03-01;2019-02-28;3.06.02;Despesas Financeiras;-176901.0000000000;S
64.904.295/0001-03;2020-02-29;2;CAMIL ALIMENTOS S.A.;024228;DF Individual - Demonstração do Resultado;REAL;MIL;ÚLTIMO;2019-03-01;2020-02-29;3.06.02;Despesas Financeiras;-161567.0000000000;S
64.904.295/0001-03;2020-02-29;2;CAMIL ALIMENTOS S.A.;024228;DF Individual - Demonstração do Resultado;REAL;MIL;PENÚLTIMO;2018-03-01;2019-02-28;3.07;Resultado Antes dos Tributos sobre o Lucro;344328.0000000000;S
64.904.295/0001-03;2020-02-29;2;CAMIL ALIMENTOS S.A.;024228;DF Individual - Demonstração do Resultado;REAL;MIL;ÚLTIMO;2019-03-01;2020-02-29;3.07;Resultado Antes dos Tributos sobre o Lucro;209360.0000000000;S
64.904.295/0001-03;2020-02-29;2;CAMIL ALIMENTOS S.A.;024228;DF Individual - Demonstração do Resultado;REAL;MIL;PENÚLTIMO;2018-03-01;2019-02-28;3.08;Imposto de Renda e Contribuição Social sobre o Lucro;18059.0000000000;S
64.904.295/0001-03;2020-02-29;2;CAMIL ALIMENTOS S.A.;024228;DF Individual - Demonstração do Resultado;REAL;MIL;ÚLTIMO;2019-03-01;2020-02-29;3.08;Imposto de Renda e Contribuição Social sobre o Lucro;30268.0000000000;S
64.904.295/0001-03;2020-02-29;2;CAMIL ALIMENTOS S.A.;024228;DF Individual - Demonstração do Resultado;REAL;MIL;PENÚLTIMO;2018-03-01;2019-02-28;3.08.01;Corrente;-10591.0000000000;S
64.904.295/0001-03;2020-02-29;2;CAMIL ALIMENTOS S.A.;024228;DF Individual - Demonstração do Resultado;REAL;MIL;ÚLTIMO;2019-03-01;2020-02-29;3.08.01;Corrente;2065.0000000000;S
64.904.295/0001-03;2020-02-29;2;CAMIL ALIMENTOS S.A.;024228;DF Individual - Demonstração do Resultado;REAL;MIL;PENÚLTIMO;2018-03-01;2019-02-28;3.08.02;Diferido;28650.0000000000;S
64.904.295/0001-03;2020-02-29;2;CAMIL ALIMENTOS S.A.;024228;DF Individual - Demonstração do Resultado;REAL;MIL;ÚLTIMO;2019-03-01;2020-02-29;3.08.02;Diferido;28203.0000000000;S
64.904.295/0001-03;2020-02-29;2;CAMIL ALIMENTOS S.A.;024228;DF Individual - Demonstração do Resultado;REAL;MIL;PENÚLTIMO;2018-03-01;2019-02-28;3.09;Resultado Líquido das Operações Continuadas;362387.0000000000;S
64.904.295/0001-03;2020-02-29;2;CAMIL ALIMENTOS S.A.;024228;DF Individual - Demonstração do Resultado;REAL;MIL;ÚLTIMO;2019-03-01;2020-02-29;3.09;Resultado Líquido das Operações Continuadas;239628.0000000000;S
64.904.295/0001-03;2020-02-29;2;CAMIL ALIMENTOS S.A.;024228;DF Individual - Demonstração do Resultado;REAL;MIL;PENÚLTIMO;2018-03-01;2019-02-28;3.10;Resultado Líquido de Operações Descontinuadas;0.0000000000;S
64.904.295/0001-03;2020-02-29;2;CAMIL ALIMENTOS S.A.;024228;DF Individual - Demonstração do Resultado;REAL;MIL;ÚLTIMO;2019-03-01;2020-02-29;3.10;Resultado Líquido de Operações Descontinuadas;0.0000000000;S
64.904.295/0001-03;2020-02-29;2;CAMIL ALIMENTOS S.A.;024228;DF Individual - Demonstração do Resultado;REAL;MIL;PENÚLTIMO;2018-03-01;2019-02-28;3.10.01;Lucro/Prejuízo Líquido das Operações Descontinuadas;0.0000000000;S
64.904.295/0001-03;2020-02-29;2;CAMIL ALIMENTOS S.A.;024228;DF Individual - Demonstração do Resultado;REAL;MIL;ÚLTIMO;2019-03-01;2020-02-29;3.10.01;Lucro/Prejuízo Líquido das Operações Descontinuadas;0.0000000000;S
64.904.295/0001-03;2020-02-29;2;CAMIL ALIMENTOS S.A.;024228;DF Individual - Demonstração do Resultado;REAL;MIL;PENÚLTIMO;2018-03-01;2019-02-28;3.10.02;Ganhos/Perdas Líquidas sobre Ativos de Operações Descontinuadas;0.0000000000;S
64.904.295/0001-03;2020-02-29;2;CAMIL ALIMENTOS S.A.;024228;DF Individual - Demonstração do Resultado;REAL;MIL;ÚLTIMO;2019-03-01;2020-02-29;3.10.02;Ganhos/Perdas Líquidas sobre Ativos de Operações Descontinuadas;0.0000000000;S
64.904.295/0001-03;2020-02-29;2;CAMIL ALIMENTOS S.A.;024228;DF Individual - Demonstração do Resultado;REAL;MIL;PENÚLTIMO;2018-03-01;2019-02-28;3.11;Lucro/Prejuízo do Período;362387.0000000000;S
64.904.295/0001-03;2020-02-29;2;CAMIL ALIMENTOS S.A.;024228;DF Individual - Demonstração do Resultado;REAL;MIL;ÚLTIMO;2019-03-01;2020-02-29;3.11;Lucro/Prejuízo do Período;239628.0000000000;S
64.904.295/0001-03;2020-02-29;2;CAMIL ALIMENTOS S.A.;024228;DF Individual - Demonstração do Resultado;REAL;MIL;PENÚLTIMO;2018-03-01;2019-02-28;3.99;Lucro por Ação - (Reais / Ação);0.0000000000;N
64.904.295/0001-03;2020-02-29;2;CAMIL ALIMENTOS S.A.;024228;DF Individual - Demonstração do Resultado;REAL;MIL;ÚLTIMO;2019-03-01;2020-02-29;3.99;Lucro por Ação - (Reais / Ação);0.0000000000;N
64.904.295/0001-03;2020-02-29;2;CAMIL ALIMENTOS S.A.;024228;DF Individual - Demonstração do Resultado;REAL;MIL;PENÚLTIMO;2018-03-01;2019-02-28;3.99.01;Lucro Básico por Ação;0.0000000000;N
64.904.295/0001-03;2020-02-29;2;CAMIL ALIMENTOS S.A.;024228;DF Individual - Demonstração do Resultado;REAL;MIL;ÚLTIMO;2019-03-01;2020-02-29;3.99.01;Lucro Básico por Ação;0.0000000000;N
64.904.295/0001-03;2020-02-29;2;CAMIL ALIMENTOS S.A.;024228;DF Individual - Demonstração do Resultado;REAL;MIL;PENÚLTIMO;2018-03-01;2019-02-28;3.99.01.01;ON;0.8960000000;N
64.904.295/0001-03;2020-02-29;2;CAMIL ALIMENTOS S.A.;024228;DF Individual - Demonstração do Resultado;REAL;MIL;ÚLTIMO;2019-03-01;2020-02-29;3.99.01.01;ON;0.6123000000;N
64.904.295/0001-03;2020-02-29;2;CAMIL ALIMENTOS S.A.;024228;DF Individual - Demonstração do Resultado;REAL;MIL;PENÚLTIMO;2018-03-01;2019-02-28;3.99.02;Lucro Diluído por Ação;0.0000000000;N
64.904.295/0001-03;2020-02-29;2;CAMIL ALIMENTOS S.A.;024228;DF Individual - Demonstração do Resultado;REAL;MIL;ÚLTIMO;2019-03-01;2020-02-29;3.99.02;Lucro Diluído por Ação;0.0000000000;N
64.904.295/0001-03;2020-02-29;2;CAMIL ALIMENTOS S.A.;024228;DF Individual - Demonstração do Resultado;REAL;MIL;PENÚLTIMO;2018-03-01;2019-02-28;3.99.02.01;ON;0.8960000000;N
64.904.295/0001-03;2020-02-29;2;CAMIL ALIMENTOS S.A.;024228;DF Individual - Demonstração do Resultado;REAL;MIL;ÚLTIMO;2019-03-01;2020-02-29;3.99.02.01;ON;0.6109000000;N
88.613.658/0001-10;2020-06-30;1;PETTENATI S.A. INDUSTRIA TEXTIL;009539;DF Individual - Demonstração do Resultado;REAL;UNIDADE;PENÚLTIMO;2018-07-01;2019-06-30;3.01;Receita de Venda de Bens e/ou Serviços;187594542.0000000000;S
88.613.658/0001-10;2020-06-30;1;PETTENATI S.A. INDUSTRIA TEXTIL;009539;DF Individual - Demonstração do Resultado;REAL;UNIDADE;ÚLTIMO;2019-07-01;2020-06-30;3.01;Receita de Venda de Bens e/ou Serviços;169394757.0000000000;S
88.613.658/0001-10;2020-06-30;1;PETTENATI S.A. INDUSTRIA TEXTIL;009539;DF Individual - Demonstração do Resultado;REAL;UNIDADE;PENÚLTIMO;2018-07-01;2019-06-30;3.02;Custo dos Bens e/ou Serviços Vendidos;-176838016.0000000000;S
88.613.658/0001-10;2020-06-30;1;PETTENATI S.A. INDUSTRIA TEXTIL;009539;DF Individual - Demonstração do Resultado;REAL;UNIDADE;ÚLTIMO;2019-07-01;2020-06-30;3.02;Custo dos Bens e/ou Serviços Vendidos;-170707915.0000000000;S
88.613.658/0001-10;2020-06-30;1;PETTENATI S.A. INDUSTRIA TEXTIL;009539;DF Individual - Demonstração do Resultado;REAL;UNIDADE;PENÚLTIMO;2018-07-01;2019-06-30;3.03;Resultado Bruto;10756526.0000000000;S
88.613.658/0001-10;2020-06-30;1;PETTENATI S.A. INDUSTRIA TEXTIL;009539;DF Individual - Demonstração do Resultado;REAL;UNIDADE;ÚLTIMO;2019-07-01;2020-06-30;3.03;Resultado Bruto;-1313158.0000000000;S
88.613.658/0001-10;2020-06-30;1;PETTENATI S.A. INDUSTRIA TEXTIL;009539;DF Individual - Demonstração do Resultado;REAL;UNIDADE;PENÚLTIMO;2018-07-01;2019-06-30;3.04;Despesas/Receitas Operacionais;14738167.0000000000;S
88.613.658/0001-10;2020-06-30;1;PETTENATI S.A. INDUSTRIA TEXTIL;009539;DF Individual - Demonstração do Resultado;REAL;UNIDADE;ÚLTIMO;2019-07-01;2020-06-30;3.04;Despesas/Receitas Operacionais;-5740926.0000000000;S
88.613.658/0001-10;2020-06-30;1;PETTENATI S.A. INDUSTRIA TEXTIL;009539;DF Individual - Demonstração do Resultado;REAL;UNIDADE;PENÚLTIMO;2018-07-01;2019-06-30;3.04.01;Despesas com Vendas;-15132158.0000000000;S
88.613.658/0001-10;2020-06-30;1;PETTENATI S.A. INDUSTRIA TEXTIL;009539;DF Individual - Demonstração do Resultado;REAL;UNIDADE;ÚLTIMO;2019-07-01;2020-06-30;3.04.01;Despesas com Vendas;-16082304.0000000000;S
88.613.658/0001-10;2020-06-30;1;PETTENATI S.A. INDUSTRIA TEXTIL;009539;DF Individual - Demonstração do Resultado;REAL;UNIDADE;PENÚLTIMO;2018-07-01;2019-06-30;3.04.02;Despesas Gerais e Administrativas;-16997967.0000000000;S
88.613.658/0001-10;2020-06-30;1;PETTENATI S.A. INDUSTRIA TEXTIL;009539;DF Individual - Demonstração do Resultado;REAL;UNIDADE;ÚLTIMO;2019-07-01;2020-06-30;3.04.02;Despesas Gerais e Administrativas;-19202409.0000000000;S
88.613.658/0001-10;2020-06-30;1;PETTENATI S.A. INDUSTRIA TEXTIL;009539;DF Individual - Demonstração do Resultado;REAL;UNIDADE;PENÚLTIMO;2018-07-01;2019-06-30;3.04.03;Perdas pela Não Recuperabilidade de Ativos;0.0000000000;S
88.613.658/0001-10;2020-06-30;1;PETTENATI S.A. INDUSTRIA TEXTIL;009539;DF Individual - Demonstração do Resultado;REAL;UNIDADE;ÚLTIMO;2019-07-01;2020-06-30;3.04.03;Perdas pela Não Recuperabilidade de Ativos;0.0000000000;S
88.613.658/0001-10;2020-06-30;1;PETTENATI S.A. INDUSTRIA TEXTIL;009539;DF Individual - Demonstração do Resultado;REAL;UNIDADE;PENÚLTIMO;2018-07-01;2019-06-30;3.04.04;Outras Receitas Operacionais;15162866.0000000000;S
88.613.658/0001-10;2020-06-30;1;PETTENATI S.A. INDUSTRIA TEXTIL;009539;DF Individual - Demonstração do Resultado;REAL;UNIDADE;ÚLTIMO;2019-07-01;2020-06-30;3.04.04;Outras Receitas Operacionais;15219178.0000000000;S
88.613.658/0001-10;2020-06-30;1;PETTENATI S.A. INDUSTRIA TEXTIL;009539;DF Individual - Demonstração do Resultado;REAL;UNIDADE;PENÚLTIMO;2018-07-01;2019-06-30;3.04.05;Outras Despesas Operacionais;-982138.0000000000;S
88.613.658/0001-10;2020-06-30;1;PETTENATI S.A. INDUSTRIA TEXTIL;009539;DF Individual - Demonstração do Resultado;REAL;UNIDADE;ÚLTIMO;2019-07-01;2020-06-30;3.04.05;Outras Despesas Operacionais;-284341.0000000000;S
88.613.658/0001-10;2020-06-30;1;PETTENATI S.A. INDUSTRIA TEXTIL;009539;DF Individual - Demonstração do Resultado;REAL;UNIDADE;PENÚLTIMO;2018-07-01;2019-06-30;3.04.06;Resultado de Equivalência Patrimonial;32687564.0000000000;S
88.613.658/0001-10;2020-06-30;1;PETTENATI S.A. INDUSTRIA TEXTIL;009539;DF Individual - Demonstração do Resultado;REAL;UNIDADE;ÚLTIMO;2019-07-01;2020-06-30;3.04.06;Resultado de Equivalência Patrimonial;14608950.0000000000;S
88.613.658/0001-10;2020-06-30;1;PETTENATI S.A. INDUSTRIA TEXTIL;009539;DF Individual - Demonstração do Resultado;REAL;UNIDADE;PENÚLTIMO;2018-07-01;2019-06-30;3.05;Resultado Antes do Resultado Financeiro e dos Tributos;25494693.0000000000;S
88.613.658/0001-10;2020-06-30;1;PETTENATI S.A. INDUSTRIA TEXTIL;009539;DF Individual - Demonstração do Resultado;REAL;UNIDADE;ÚLTIMO;2019-07-01;2020-06-30;3.05;Resultado Antes do Resultado Financeiro e dos Tributos;-7054084.0000000000;S
88.613.658/0001-10;2020-06-30;1;PETTENATI S.A. INDUSTRIA TEXTIL;009539;DF Individual - Demonstração do Resultado;REAL;UNIDADE;PENÚLTIMO;2018-07-01;2019-06-30;3.06;Resultado Financeiro;-14171.0000000000;S
88.613.658/0001-10;2020-06-30;1;PETTENATI S.A. INDUSTRIA TEXTIL;009539;DF Individual - Demonstração do Resultado;REAL;UNIDADE;ÚLTIMO;2019-07-01;2020-06-30;3.06;Resultado Financeiro;-1781688.0000000000;S
88.613.658/0001-10;2020-06-30;1;PETTENATI S.A. INDUSTRIA TEXTIL;009539;DF Individual - Demonstração do Resultado;REAL;UNIDADE;PENÚLTIMO;2018-07-01;2019-06-30;3.06.01;Receitas Financeiras;8308583.0000000000;S
88.613.658/0001-10;2020-06-30;1;PETTENATI S.A. INDUSTRIA TEXTIL;009539;DF Individual - Demonstração do Resultado;REAL;UNIDADE;ÚLTIMO;2019-07-01;2020-06-30;3.06.01;Receitas Financeiras;13917613.0000000000;S
88.613.658/0001-10;2020-06-30;1;PETTENATI S.A. INDUSTRIA TEXTIL;009539;DF Individual - Demonstração do Resultado;REAL;UNIDADE;PENÚLTIMO;2018-07-01;2019-06-30;3.06.02;Despesas Financeiras;-8322754.0000000000;S
88.613.658/0001-10;2020-06-30;1;PETTENATI S.A. INDUSTRIA TEXTIL;009539;DF Individual - Demonstração do Resultado;REAL;UNIDADE;ÚLTIMO;2019-07-01;2020-06-30;3.06.02;Despesas Financeiras;-15699301.0000000000;S
88.613.658/0001-10;2020-06-30;1;PETTENATI S.A. INDUSTRIA TEXTIL;009539;DF Individual - Demonstração do Resultado;REAL;UNIDADE;PENÚLTIMO;2018-07-01;2019-06-30;3.07;Resultado Antes dos Tributos sobre o Lucro;25480522.0000000000;S
88.613.658/0001-10;2020-06-30;1;PETTENATI S.A. INDUSTRIA TEXTIL;009539;DF Individual - Demonstração do Resultado;REAL;UNIDADE;ÚLTIMO;2019-07-01;2020-06-30;3.07;Resultado Antes dos Tributos sobre o Lucro;-8835772.0000000000;S
88.613.658/0001-10;2020-06-30;1;PETTENATI S.A. INDUSTRIA TEXTIL;009539;DF Individual - Demonstração do Resultado;REAL;UNIDADE;PENÚLTIMO;2018-07-01;2019-06-30;3.08;Imposto de Renda e Contribuição Social sobre o Lucro;-1171463.0000000000;S
88.613.658/0001-10;2020-06-30;1;PETTENATI S.A. INDUSTRIA TEXTIL;009539;DF Individual - Demonstração do Resultado;REAL;UNIDADE;ÚLTIMO;2019-07-01;2020-06-30;3.08;Imposto de Renda e Contribuição Social sobre o Lucro;6652580.0000000000;S
88.613.658/0001-10;2020-06-30;1;PETTENATI S.A. INDUSTRIA TEXTIL;009539;DF Individual - Demonstração do Resultado;REAL;UNIDADE;PENÚLTIMO;2018-07-01;2019-06-30;3.08.01;Corrente;-3896216.0000000000;S
88.613.658/0001-10;2020-06-30;1;PETTENATI S.A. INDUSTRIA TEXTIL;009539;DF Individual - Demonstração do Resultado;REAL;UNIDADE;ÚLTIMO;2019-07-01;2020-06-30;3.08.01;Corrente;-3865523.0000000000;S
88.613.658/0001-10;2020-06-30;1;PETTENATI S.A. INDUSTRIA TEXTIL;009539;DF Individual - Demonstração do Resultado;REAL;UNIDADE;PENÚLTIMO;2018-07-01;2019-06-30;3.08.02;Diferido;2724753.0000000000;S
88.613.658/0001-10;2020-06-30;1;PETTENATI S.A. INDUSTRIA TEXTIL;009539;DF Individual - Demonstração do Resultado;REAL;UNIDADE;ÚLTIMO;2019-07-01;2020-06-30;3.08.02;Diferido;10518103.0000000000;S
88.613.658/0001-10;2020-06-30;1;PETTENATI S.A. INDUSTRIA TEXTIL;009539;DF Individual - Demonstração do Resultado;REAL;UNIDADE;PENÚLTIMO;2018-07-01;2019-06-30;3.09;Resultado Líquido das Operações Continuadas;24309059.0000000000;S
88.613.658/0001-10;2020-06-30;1;PETTENATI S.A. INDUSTRIA TEXTIL;009539;DF Individual - Demonstração do Resultado;REAL;UNIDADE;ÚLTIMO;2019-07-01;2020-06-30;3.09;Resultado Líquido das Operações Continuadas;-2183192.0000000000;S
88.613.658/0001-10;2020-06-30;1;PETTENATI S.A. INDUSTRIA TEXTIL;009539;DF Individual - Demonstração do Resultado;REAL;UNIDADE;PENÚLTIMO;2018-07-01;2019-06-30;3.10;Resultado Líquido de Operações Descontinuadas;0.0000000000;S
88.613.658/0001-10;2020-06-30;1;PETTENATI S.A. INDUSTRIA TEXTIL;009539;DF Individual - Demonstração do Resultado;REAL;UNIDADE;ÚLTIMO;2019-07-01;2020-06-30;3.10;Resultado Líquido de Operações Descontinuadas;0.0000000000;S
88.613.658/0001-10;2020-06-30;1;PETTENATI S.A. INDUSTRIA TEXTIL;009539;DF Individual - Demonstração do Resultado;REAL;UNIDADE;PENÚLTIMO;2018-07-01;2019-06-30;3.10.01;Lucro/Prejuízo Líquido das Operações Descontinuadas;0.0000000000;S
88.613.658/0001-10;2020-06-30;1;PETTENATI S.A. INDUSTRIA TEXTIL;009539;DF Individual - Demonstração do Resultado;REAL;UNIDADE;ÚLTIMO;2019-07-01;2020-06-30;3.10.01;Lucro/Prejuízo Líquido das Operações Descontinuadas;0.0000000000;S
88.613.658/0001-10;2020-06-30;1;PETTENATI S.A. INDUSTRIA TEXTIL;009539;DF Individual - Demonstração do Resultado;REAL;UNIDADE;PENÚLTIMO;2018-07-01;2019-06-30;3.10.02;Ganhos/Perdas Líquidas sobre Ativos de Operações Descontinuadas;0.0000000000;S
88.613.658/0001-10;2020-06-30;1;PETTENATI S.A. INDUSTRIA TEXTIL;009539;DF Individual - Demonstração do Resultado;REAL;UNIDADE;ÚLTIMO;2019-07-01;2020-06-30;3.10.02;Ganhos/Perdas Líquidas sobre Ativos de Operações Descontinuadas;0.0000000000;S
88.613.658/0001-10;2020-06-30;1;PETTENATI S.A. INDUSTRIA TEXTIL;009539;DF Individual - Demonstração do Resultado;REAL;UNIDADE;PENÚLTIMO;2018-07-01;2019-06-30;3.11;Lucro/Prejuízo do Período;24309059.0000000000;S
88.613.658/0001-10;2020-06-30;1;PETTENATI S.A. INDUSTRIA TEXTIL;009539;DF Individual - Demonstração do Resultado;REAL;UNIDADE;ÚLTIMO;2019-07-01;2020-06-30;3.11;Lucro/Prejuízo do Período;-2183192.0000000000;S
88.613.658/0001-10;2020-06-30;1;PETTENATI S.A. INDUSTRIA TEXTIL;009539;DF Individual - Demonstração do Resultado;REAL;UNIDADE;PENÚLTIMO;2018-07-01;2019-06-30;3.99;Lucro por Ação - (Reais / Ação);0.0000000000;N
88.613.658/0001-10;2020-06-30;1;PETTENATI S.A. INDUSTRIA TEXTIL;009539;DF Individual - Demonstração do Resultado;REAL;UNIDADE;ÚLTIMO;2019-07-01;2020-06-30;3.99;Lucro por Ação - (Reais / Ação);0.0000000000;N
88.613.658/0001-10;2020-06-30;1;PETTENATI S.A. INDUSTRIA TEXTIL;009539;DF Individual - Demonstração do Resultado;REAL;UNIDADE;PENÚLTIMO;2018-07-01;2019-06-30;3.99.01;Lucro Básico por Ação;0.0000000000;N
88.613.658/0001-10;2020-06-30;1;PETTENATI S.A. INDUSTRIA TEXTIL;009539;DF Individual - Demonstração do Resultado;REAL;UNIDADE;ÚLTIMO;2019-07-01;2020-06-30;3.99.01;Lucro Básico por Ação;0.0000000000;N
88.613.658/0001-10;2020-06-30;1;PETTENATI S.A. INDUSTRIA TEXTIL;009539;DF Individual - Demonstração do Resultado;REAL;UNIDADE;PENÚLTIMO;2018-07-01;2019-06-30;3.99.01.01;ON;0.5059500000;N
88.613.658/0001-10;2020-06-30;1;PETTENATI S.A. INDUSTRIA TEXTIL;009539;DF Individual - Demonstração do Resultado;REAL;UNIDADE;ÚLTIMO;2019-07-01;2020-06-30;3.99.01.01;ON;0.0000000000;N
88.613.658/0001-10;2020-06-30;1;PETTENATI S.A. INDUSTRIA TEXTIL;009539;DF Individual - Demonstração do Resultado;REAL;UNIDADE;PENÚLTIMO;2018-07-01;2019-06-30;3.99.01.02;PN;0.5059500000;N
88.613.658/0001-10;2020-06-30;1;PETTENATI S.A. INDUSTRIA TEXTIL;009539;DF Individual - Demonstração do Resultado;REAL;UNIDADE;ÚLTIMO;2019-07-01;2020-06-30;3.99.01.02;PN;0.0000000000;N
88.613.658/0001-10;2020-06-30;1;PETTENATI S.A. INDUSTRIA TEXTIL;009539;DF Individual - Demonstração do Resultado;REAL;UNIDADE;PENÚLTIMO;2018-07-01;2019-06-30;3.99.02;Lucro Diluído por Ação;0.0000000000;N
88.613.658/0001-10;2020-06-30;1;PETTENATI S.A. INDUSTRIA TEXTIL;009539;DF Individual - Demonstração do Resultado;REAL;UNIDADE;ÚLTIMO;2019-07-01;2020-06-30;3.99.02;Lucro Diluído por Ação;0.0000000000;N
88.613.658/0001-10;2020-06-30;1;PETTENATI S.A. INDUSTRIA TEXTIL;009539;DF Individual - Demonstração do Resultado;REAL;UNIDADE;PENÚLTIMO;2018-07-01;2019-06-30;3.99.02.01;ON;0.5059500000;N
88.613.658/0001-10;2020-06-30;1;PETTENATI S.A. INDUSTRIA TEXTIL;009539;DF Individual - Demonstração do Resultado;REAL;UNIDADE;ÚLTIMO;2019-07-01;2020-06-30;3.99.02.01;ON;0.0000000000;N
88.613.658/0001-10;2020-06-30;1;PETTENATI S.A. INDUSTRIA TEXTIL;009539;DF Individual - Demonstração do Resultado;REAL;UNIDADE;PENÚLTIMO;2018-07-01;2019-06-30;3.99.02.02;PN;0.5059500000;N
88.613.658/0001-10;2020-06-30;1;PETTENATI S.A. INDUSTRIA TEXTIL;009539;DF Individual - Demonstração do Resultado;REAL;UNIDADE;ÚLTIMO;2019-07-01;2020-06-30;3.99.02.02;PN;0.0000000000;N
